Date,TSM_Price_USD,2330TW_Price_TWD,USD_TWD_Rate,TSM_Implied_TWD,ADR_Premium_Pct
2021-09-30,103.06512451171875,530.5342407226562,27.812400817871094,573.2977106527425,8.060454283183843
2021-10-01,102.98202514648438,525.0459594726562,27.836599349975586,573.3338748503593,9.196893054124684
2021-10-04,100.6373291015625,523.216552734375,27.753999710083008,558.6176805416588,6.7660565443265295
2021-10-05,100.85890197753906,523.216552734375,27.882299423217773,562.4356208869431,7.495762117541164
2021-10-06,100.93273162841797,522.3017578125,27.871000289916992,562.6192384955502,7.719192991405502
2021-10-07,102.30818176269531,530.5342407226562,27.951000213623047,571.9232020608964,7.801374192523945
2021-10-08,101.57888793945312,525.9607543945312,27.9685001373291,568.2018282568664,8.031221628115903
2021-10-12,100.80349731445312,525.9607543945312,28.042999267578125,565.3664802717045,7.492141865705521
2021-10-13,101.52350616455078,522.3017578125,28.128700256347656,571.1448547752225,9.351509205576246
2021-10-14,103.90513610839844,524.1312866210938,27.999500274658203,581.8583774010999,11.013860888204977
2021-10-15,106.0282974243164,548.82861328125,27.98889923095703,593.5230664478266,8.143608420735298
2021-10-18,106.47137451171875,539.6815185546875,28.0,596.2396972656251,10.47991764891359
2021-10-19,107.9668197631836,548.82861328125,27.949199676513672,603.5172407998762,9.964609387193283
2021-10-20,106.70215606689453,546.9991455078125,27.8262996673584,593.8252339741302,8.560541428788932
2021-10-21,107.34833526611328,545.1696166992188,27.805999755859375,596.9855568402913,9.504553913843754
2021-10-22,105.44672393798828,548.82861328125,27.818500518798828,586.6739489149128,6.895656443165208
2021-10-25,104.902099609375,542.4254760742188,27.836999893188477,584.0319471242838,7.670449284792092
2021-10-26,105.40058898925781,547.913818359375,27.80620002746582,586.1579720896029,6.9799578781828995
2021-10-27,105.00364685058594,547.913818359375,27.796300888061523,583.7425924405281,6.539125840708977
2021-10-28,107.0898666381836,544.2550048828125,27.762500762939453,594.6165008491313,9.253290372067866
2021-10-29,104.95748901367188,539.6815185546875,27.72330093383789,581.9536106372019,7.832784823857342
2021-11-01,105.34521484375,539.6815185546875,27.816699981689453,586.0712471630425,8.59576009432203
2021-11-02,105.33597564697266,541.5107421875,27.80109977722168,585.6911938184959,8.158739649840271
2021-11-03,105.24365997314453,541.5107421875,27.85849952697754,586.3860903158463,8.287065173825875
2021-11-04,108.73299407958984,536.937255859375,27.789499282836914,604.3270921990945,12.550784212554076
2021-11-05,108.74224090576172,548.82861328125,27.874099731445312,606.2184136056109,10.456779937410293
2021-11-08,111.61309051513672,550.657958984375,27.83009910583496,621.2406741089567,12.817887033679373
2021-11-09,112.41620635986328,558.8903198242188,27.80120086669922,625.0611067365738,11.839673110310269
2021-11-10,109.1114730834961,559.8052978515625,27.731300354003906,605.1606064292486,8.101979161639237
2021-11-11,109.10226440429688,554.3167724609375,27.759000778198242,605.7139685004134,9.272170461538378
2021-11-12,109.5638198852539,552.4874267578125,27.801700592041016,609.2121032340277,10.267143418827693
2021-11-15,109.03763580322266,556.1463012695312,27.781299591064453,605.841445390141,8.935624314531836
2021-11-16,109.00069427490234,557.9757080078125,27.752500534057617,605.0083652153756,8.42915856955275
2021-11-17,109.90534973144531,557.9757080078125,27.80069923400879,611.0891144184919,9.51894601295721
2021-11-18,113.90240478515625,560.719970703125,27.740699768066406,631.946482801158,12.702688653788671
2021-11-19,114.70551300048828,565.2933349609375,27.806400299072266,637.9094822004031,12.845746225626995
2021-11-22,115.15786743164062,562.5491943359375,27.792999267578125,640.1165050366893,13.78853822594419
2021-11-23,112.02850341796875,559.8052978515625,27.769500732421875,622.195121543482,11.14491483581184
2021-11-24,111.4284896850586,551.5728759765625,27.751399993896484,618.4593175931659,12.126492169902415
2021-11-26,108.08682250976562,545.1696166992188,27.764699935913086,600.1996388019878,10.094110239663312
2021-11-29,110.1084213256836,542.4254760742188,27.853900909423828,613.3898113797361,13.082780664934601
2021-11-30,108.14220428466797,545.1696166992188,27.7455997467041,600.0940631617414,10.074744589595417
2021-12-01,111.3546371459961,548.82861328125,27.578699111938477,614.2032065137028,11.911659059027816
2021-12-02,112.34236145019531,562.5491943359375,27.60449981689453,620.2309392162832,10.253635675087272
2021-12-03,110.15459442138672,556.1463012695312,27.678699493408203,609.7871833615645,9.645102730987455
2021-12-06,109.97919464111328,548.82861328125,27.65719985961914,608.343313317845,10.843949931979282
2021-12-07,112.9146957397461,555.2316284179688,27.65920066833496,624.6260455739248,12.498282447216267
2021-12-08,112.4346694946289,550.657958984375,27.742599487304688,623.8460008553927,13.29101680578714
2021-12-09,110.31153106689453,556.1463012695312,27.630699157714844,609.5969457072555,9.610896326328325
2021-12-10,109.96997833251953,553.4021606445312,27.68560028076172,608.9169725996326,10.031549549868915
2021-12-13,107.46835327148438,549.7433471679688,27.63599967956543,593.9990753148332,8.050252608758282
2021-12-14,107.34833526611328,547.913818359375,27.745899200439453,595.6952179257119,8.720604950137831
2021-12-15,111.14231872558594,548.82861328125,27.78420066833496,617.6000972431444,12.530593758720837
2021-12-16,108.05193328857422,555.9503173828125,27.739700317382812,599.4656496277778,7.827198021905579
2021-12-17,107.82022094726562,557.7881469726562,27.757699966430664,598.5682686736924,7.3110412837502
2021-12-20,106.5410385131836,549.5177001953125,27.827199935913086,592.9477560172352,7.903304262353431
2021-12-21,108.85836791992188,548.598876953125,27.815399169921875,605.587791335769,10.388084404976537
2021-12-22,112.4363021850586,551.3556518554688,27.730199813842773,623.5762251842564,13.098727307092043
2021-12-23,111.86162567138672,556.8693237304688,27.711000442504883,619.9595116958226,11.329442164763636
2021-12-27,113.7339859008789,556.8693237304688,27.67930030822754,629.6154302004288,13.063407045414847
2021-12-28,113.1407699584961,565.1394653320312,27.683700561523438,626.4310393662424,10.845389110845604
2021-12-29,112.53827667236328,566.058349609375,27.53499984741211,619.7482862003089,9.484876714208745
2021-12-30,111.6206283569336,565.1394653320312,27.617399215698242,616.5342908081045,9.094184467523911
2022-01-03,119.38827514648438,579.8423461914062,27.70210075378418,661.4612053856836,14.076043209050981
2022-01-04,123.65210723876953,602.8154296875,27.62470054626465,683.1704868771222,13.32996025521085
2022-01-05,117.77539825439453,597.3018798828125,27.515499114990234,648.129773287283,8.509582024828495
2022-01-06,119.08238983154297,591.788330078125,27.596399307250977,657.2490360505966,11.061506732285478
2022-01-07,114.47555541992188,582.5989990234375,27.6200008392334,632.3629873539903,8.541722250461824
2022-01-10,115.8752212524414,590.86962890625,27.658000946044922,640.9753958046377,8.480003785460726
2022-01-11,119.73121643066406,598.220947265625,27.598899841308594,660.8899700295879,10.475899088858927
2022-01-12,122.56761169433594,606.4912109375,27.62700080871582,677.2351014803571,11.664454367525433
2022-01-13,129.01902770996094,607.41015625,27.598600387573242,712.1489176320902,17.24349853297175
2022-01-14,130.38162231445312,617.518310546875,27.56599998474121,718.8199597461498,16.40463893444098
2022-01-18,124.05068969726562,608.3291015625,27.4237003326416,680.3857880630646,11.845017165130887
2022-01-19,121.43677520751953,600.9777221679688,27.516199111938477,668.2956972243643,11.201409398929545
2022-01-20,118.9526138305664,598.220947265625,27.54759979248047,655.3718000147841,9.553469000105519
2022-01-21,115.43029022216797,589.0315551757812,27.615699768066406,637.5376477832324,8.234888637328734
2022-01-24,116.75579071044922,600.058837890625,27.691200256347656,646.6215963302529,7.759698799422584
2022-01-25,113.53008270263672,589.0315551757812,27.66390037536621,628.1369794985658,6.6389353811638365
2022-01-26,114.08624267578125,584.43701171875,27.697999954223633,631.9921488822671,8.13691402323475
2022-02-07,113.37248992919922,583.5181884765625,27.799999237060547,630.3510267070785,8.025943176302054
2022-02-08,114.67020416259766,577.0855712890625,27.826000213623047,638.1626251049282,10.583708353586992
2022-02-09,116.34793090820312,581.6800537109375,27.805200576782227,647.0155111192377,11.23219835225229
2022-02-10,115.59713745117188,596.3829956054688,27.78070068359375,642.2738950822503,7.694870547103966
2022-02-11,112.1675033569336,597.3018798828125,27.826400756835938,624.2435800607549,4.51056678127787
2022-02-14,111.01811218261719,585.35595703125,27.9060001373291,619.6142907628266,5.85256429358379
2022-02-15,115.42100524902344,581.6800537109375,27.861799240112305,643.1673752680479,10.570642944491635
2022-02-16,114.56822967529297,593.6263427734375,27.82069969177246,637.473662402868,7.386350043796009
2022-02-17,111.00885772705078,592.707275390625,27.810800552368164,617.4490403586445,4.174364985095455
2022-02-18,110.59172058105469,585.35595703125,27.836700439453125,615.7017193797045,5.184155381685893
2022-02-22,108.36710357666016,576.1666259765625,27.812400817871094,602.789864029165,4.620753242601984
2022-02-23,107.43089294433594,574.32861328125,27.837400436401367,598.1193572263292,4.142357423071446
2022-02-24,103.70465850830078,555.0315551757812,27.872699737548828,578.1057615973812,4.157278303625853
2022-02-25,103.10214233398438,555.0315551757812,28.06719970703125,578.75768382214,4.274735089403092
2022-03-01,100.1545181274414,555.0315551757812,27.97559928894043,560.3765332220443,0.9630043546929917
2022-03-02,101.60050201416016,552.2745361328125,28.04680061340332,569.9138044425665,3.1939311258616634
2022-03-03,100.84044647216797,553.193359375,27.970500946044922,564.1115606898733,1.9736681812682455
2022-03-04,97.38301086425781,546.7610473632812,28.050500869750977,546.3284461893666,-0.07912070108155675
2022-03-07,92.03462982177734,529.3013305664062,28.125999450683594,517.7131895622355,-2.1893277675630043
2022-03-08,92.69275665283203,517.3553466796875,28.27589988708496,524.1942214746814,1.3218911989379867
2022-03-09,97.28105163574219,521.9500122070312,28.30340003967285,550.6769041452964,5.503763055162187
2022-03-10,96.36339569091797,539.40966796875,28.26799964904785,544.8000871143857,0.9993182298593939
2022-03-11,93.99970245361328,528.3824462890625,28.30069923400879,532.0514614452054,0.6943862692470474
2022-03-14,92.04390716552734,525.625732421875,28.410999298095703,523.0118763747566,-0.49728464302437186
2022-03-15,94.63002014160156,512.7608032226562,28.51099967956543,539.5992947868945,5.234115282517827
2022-03-16,98.439453125,515.3003540039062,28.51889991760254,561.4769823230804,8.961109372500859
2022-03-17,99.18456268310547,537.4638061523438,28.378999710083008,562.9517351257119,4.742259605504235
2022-03-18,99.39879608154297,536.5402221679688,28.17799949645996,560.1718451868887,4.404445751230536
2022-03-21,99.5850601196289,541.1577758789062,28.356000900268555,564.7668108810991,4.3626897837417005
2022-03-22,99.69683074951172,538.38720703125,28.40999984741211,566.4773892762198,5.217468371855157
2022-03-23,98.12276458740234,544.8515625,28.46739959716797,558.659989817685,2.5343466492646716
2022-03-24,100.5164566040039,545.7750244140625,28.55970001220703,574.1439693800756,5.197919233565094
2022-03-25,99.4081039428711,552.2392578125,28.651500701904297,569.6382719788293,3.15062971713552
2022-03-28,99.03553771972656,539.3106689453125,28.66900062561035,567.8499785688997,5.29181254274077
2022-03-29,101.75523376464844,543.9280395507812,28.783700942993164,585.7784436132002,7.694106760332186
2022-03-30,99.4081039428711,554.0863647460938,28.628299713134766,569.1769987181934,2.7235165729109503
2022-03-31,97.10755920410156,551.31591796875,28.52560043334961,554.0102865828085,0.48871591155675637
2022-04-01,95.7383804321289,543.9280395507812,28.615699768066406,547.9241501453449,0.734676336572753
2022-04-06,94.23883819580078,533.7697143554688,28.653200149536133,540.048858536806,1.176377005375702
2022-04-07,93.62409973144531,522.6880493164062,28.725400924682617,537.8779601996474,2.906114058491902
2022-04-08,92.47848510742188,523.6115112304688,28.7987003326416,532.6520359650603,1.7265710437394093
2022-04-11,90.87649536132812,515.3003540039062,28.891000747680664,525.1025790861459,1.9022352703769527
2022-04-12,90.75540924072266,514.3770141601562,29.0310001373291,526.9440596261556,2.443158446051115
2022-04-13,94.53688049316406,529.1524658203125,29.038000106811523,549.0323891716253,3.7569367309843553
2022-04-14,91.6123046875,529.1524658203125,28.86669921875,528.9089688301086,-0.04601641415889497
2022-04-18,91.9941635131836,518.0706787109375,29.111000061035156,535.6084199294331,3.385202432635833
2022-04-19,92.6275405883789,521.7646484375,29.214000701904297,541.204207152914,3.7257331966871665
2022-04-20,92.21771240234375,526.3819580078125,29.253700256347656,539.5418633888476,2.500067713346615
2022-04-21,90.96031951904297,521.7646484375,29.16349983215332,530.5442526052444,1.6826751666745194
2022-04-22,89.11614990234375,515.3003540039062,29.288999557495117,522.0245750110829,1.3049129415357785
2022-04-25,89.63774108886719,505.1420593261719,29.31100082397461,525.4743805830018,4.025069954371245
2022-04-26,86.40576934814453,504.21856689453125,29.193700790405273,504.5008353829005,0.0559813753205755
2022-04-27,84.06797790527344,485.7490234375,29.30069923400879,492.65010716274264,1.4207097476811676
2022-04-28,88.6877212524414,490.3663635253906,29.37470054626465,521.0350507842114,6.254239593094114
2022-04-29,86.55481719970703,496.8308410644531,29.452699661254883,509.85460704355796,2.621368261117124
2022-05-03,87.20677185058594,490.3663635253906,29.484600067138672,514.2513582321467,4.870846877636484
2022-05-04,89.40489959716797,493.13677978515625,29.422100067138672,526.0959804880723,6.6835819297995425
2022-05-05,85.82831573486328,500.5246887207031,29.239999771118164,501.9239864885719,0.279566183127806
2022-05-06,85.34400177001953,487.595947265625,29.606700897216797,505.3508667553018,3.641318101441183
2022-05-09,81.31104278564453,480.2081298828125,29.649999618530273,482.1744775153319,0.40947820541881375
2022-05-10,82.72676086425781,478.3612060546875,29.750999450683594,492.2407634058734,2.9014805497415583
2022-05-11,81.80467224121094,481.13165283203125,29.641700744628906,484.96592281728516,0.7969274028604599
2022-05-12,81.67430114746094,466.35601806640625,29.68899917602539,484.96565189388343,3.9904350124259107
2022-05-13,84.71994018554688,471.8968811035156,29.821500778198242,505.29515243443893,7.077451169590806
2022-05-16,84.20769500732422,480.2081298828125,29.781999588012695,501.5747076031258,4.449441063300503
2022-05-17,86.91804504394531,489.44293212890625,29.71190071105957,516.5000648690212,5.528148628569602
2022-05-18,84.3194580078125,496.8308410644531,29.60580062866211,499.26901257922873,0.49074479948786104
2022-05-19,84.02139282226562,482.0550231933594,29.74020004272461,499.76260608050507,3.6733530479243486
2022-05-20,84.55227661132812,489.44293212890625,29.600500106811523,500.55793457295516,2.2709496275086707
2022-05-23,85.22289276123047,487.595947265625,29.71299934387207,506.44555133946415,3.86582459914716
2022-05-24,82.63361358642578,480.2081298828125,29.489999771118164,487.37304915007263,1.4920445576397512
2022-05-25,84.20769500732422,483.902099609375,29.531700134277344,497.3592795909965,2.780971604067158
2022-05-26,84.7572250366211,474.66729736328125,29.40999984741211,498.54199507882,5.029775138957278
2022-05-27,87.33717346191406,489.44293212890625,29.312999725341797,512.0229083402431,4.613403265038858
2022-05-31,88.76222229003906,517.147216796875,28.83099937438965,511.8207150627102,-1.0299778401895499
2022-06-01,88.24993133544922,506.98907470703125,28.991500854492188,511.6995919441106,0.929116123419691
2022-06-02,89.7308578491211,498.6777648925781,29.128299713134766,522.7414641891781,4.82550075233125
2022-06-06,86.72246551513672,498.6777648925781,29.361000061035156,509.2516630566097,2.1203869328942955
2022-06-07,87.4023666381836,494.06036376953125,29.38129997253418,513.5990305011773,3.9547124530638085
2022-06-08,87.05775451660156,502.37158203125,29.405000686645508,511.98666626769693,1.9139387219257213
2022-06-09,84.61749267578125,499.60125732421875,29.438800811767578,498.2075024147052,-0.2789734591498617
2022-06-10,82.59637451171875,489.44293212890625,29.5856990814209,488.73429630401074,-0.14478415733029187
2022-06-13,79.68109893798828,476.5142822265625,29.642000198364258,472.38143010514614,-0.8673091816063062
2022-06-14,81.20858764648438,473.7437744140625,29.68869972229004,482.19547470154936,1.7840235046761557
2022-06-15,83.0154800415039,470.0498962402344,29.577699661254883,491.0813871805003,4.474310303754883
2022-06-16,79.13639068603516,471.6746826171875,29.405000686645508,465.4011244923022,-1.3300603903680261
2022-06-17,79.58580017089844,465.1753234863281,29.695999145507812,472.6759707739111,1.6124344755367122
2022-06-21,81.41161346435547,468.8893127441406,29.702999114990234,483.63381653633553,3.1445595775906616
2022-06-22,79.50154876708984,459.14007568359375,29.724000930786133,472.6208219103835,2.936085726500531
2022-06-23,78.76184844970703,450.7836608886719,29.67169952392578,467.39958022973735,3.6860074538435947
2022-06-24,80.44721221923828,451.7121276855469,29.613100051879883,476.4582688686234,5.478299046312791
2022-06-27,80.39102935791016,462.85406494140625,29.694000244140625,477.4262490761001,3.148332322962002
2022-06-28,78.96786499023438,461.9255676269531,29.43000030517578,464.8048581523355,0.6233234804849906
2022-06-29,78.32181549072266,455.8903503417969,29.67099952697754,464.77731007545077,1.9493634219261349
2022-06-30,76.5428237915039,441.9630126953125,29.665000915527344,454.1285875704023,2.7526228497941556
2022-07-01,72.09539031982422,421.07183837890625,29.65570068359375,427.60786319831385,1.5522350876208646
2022-07-05,71.26206970214844,414.1081848144531,29.690000534057617,423.1541775029676,2.1844515564375246
2022-07-06,70.74710083007812,404.3589782714844,29.78070068359375,421.3796468105167,4.209296554212962
2022-07-07,75.51290130615234,424.78582763671875,29.788000106811523,449.8756624346628,5.9064670159855535
2022-07-08,76.318115234375,433.6065368652344,29.75200080871582,454.1233252345585,4.731660301445307
2022-07-11,74.07099914550781,428.96405029296875,29.75200080871582,440.7520852959075,2.748023988231153
2022-07-12,74.06163787841797,417.35784912109375,29.86319923400879,442.3434895120415,5.986622856995398
2022-07-13,76.11212921142578,436.85626220703125,29.864999771118164,454.61774429570943,4.0657496813587635
2022-07-14,78.34053039550781,441.0345153808594,29.766000747680664,466.37685726527707,5.746113059322145
2022-07-15,80.1756820678711,457.2830505371094,29.918699264526367,479.75042402338295,4.913231194526923
2022-07-18,78.25627136230469,460.0686340332031,29.910999298095703,468.14465555789644,1.7553949405102176
2022-07-19,80.6625747680664,455.8903503417969,29.81999969482422,481.0715909934952,5.523530084113223
2022-07-20,81.04645538330078,459.6043395996094,29.785999298095703,482.8099326320284,5.049036972243319
2022-07-21,82.19810485839844,465.1753234863281,29.880699157714844,491.2273685216205,5.600478727040232
2022-07-22,80.82174682617188,467.0323181152344,29.880300521850586,482.9956167733879,3.4180286971521263
2022-07-25,80.80300903320312,463.7825927734375,29.801000595092773,481.60210405675457,3.8422121832464033
2022-07-26,79.04276275634766,459.6043395996094,29.827999114990234,471.53749150854424,2.5963967005469506
2022-07-27,82.04828643798828,466.1037902832031,29.920299530029297,490.98186123005,5.337453044896086
2022-07-28,82.96586608886719,465.1753234863281,29.85930061340332,495.46054723976994,6.510496628768812
2022-07-29,82.84416198730469,472.6032409667969,29.915000915527344,495.65663633926306,4.87795964439563
2022-08-01,80.81237030029297,467.9608154296875,30.00200080871582,484.90655982072633,3.6211887474978077
2022-08-02,80.56893920898438,456.8188781738281,30.167999267578125,486.1207398092374,6.414328092688715
2022-08-03,80.99962615966797,465.1753234863281,29.966299057006836,485.4518042012729,4.358890012260235
2022-08-04,82.78797912597656,464.246826171875,29.941999435424805,495.7675248499902,6.789642255183775
2022-08-05,84.0519790649414,479.1027526855469,29.95170021057129,503.49993581166785,5.092265279079656
2022-08-08,82.33855438232422,475.38873291015625,29.94499969482422,493.12559717019315,3.731023272566493
2022-08-09,79.7824478149414,473.53173828125,30.000699996948242,478.7058563836472,1.092665535192504
2022-08-10,83.02204132080078,464.246826171875,30.027999877929688,498.59716932929587,7.399155195237364
2022-08-11,83.81790924072266,477.2457580566406,29.910400390625,501.4054450590164,5.062315713554956
2022-08-12,85.07255554199219,480.03125,29.94930076599121,509.5727105717233,6.15407029682407
2022-08-15,85.73734283447266,485.6021423339844,29.94300079345703,513.4466649043025,5.734019713440092
2022-08-16,84.22051239013672,487.4591979980469,29.98270034790039,505.0316772280203,3.6049128423757555
2022-08-17,83.51828002929688,489.3161926269531,29.94379997253418,500.17093424947234,2.218349154611913
2022-08-18,83.58383178710938,482.8166809082031,29.935699462890625,500.4280936671421,3.647639664356871
2022-08-19,81.64567565917969,481.88824462890625,29.97369956970215,489.44459067471905,1.5680702175318288
2022-08-22,79.81053161621094,475.38873291015625,30.101999282836914,480.4913130948029,1.0733489944977228
2022-08-23,80.55020141601562,467.9608154296875,30.13170051574707,485.42290911009775,3.731529030775009
2022-08-24,80.11015319824219,467.0323181152344,30.170000076293945,483.3846656205773,3.5013310366474917
2022-08-25,81.99211120605469,471.6746826171875,30.204999923706055,495.31434254467604,5.011856857849322
2022-08-26,79.34236907958984,475.38873291015625,30.187999725341797,479.03748319652516,0.7675298200764229
2022-08-29,77.57276153564453,462.85406494140625,30.2810001373291,469.79616054276994,1.499845443129576
2022-08-30,77.51659393310547,460.5328369140625,30.368000030517578,470.8047853852331,2.2304486559527152
2022-08-31,78.0409164428711,468.8893127441406,30.43670082092285,475.0616051124613,1.3163644810323702
2022-09-01,76.43982696533203,455.4261169433594,30.332700729370117,463.7252790288505,1.8222850593619464
2022-09-02,75.7469711303711,450.3194580078125,30.548200607299805,462.7867338971846,2.7685403478958293
2022-09-06,74.9323959350586,454.03338623046875,30.68600082397461,459.87511268111996,1.2866292717262713
2022-09-07,74.85748291015625,438.7132263183594,30.7987003326416,461.10263676114846,5.103427273136699
2022-09-08,75.12901306152344,441.0345153808594,30.84779930114746,463.51294332303223,5.096750290113101
2022-09-12,76.91735076904297,451.7121276855469,30.850000381469727,474.58006011332327,5.0625013202425215
2022-09-13,73.79011535644531,457.74737548828125,30.882999420166016,455.7720179534168,-0.43153880079755913
2022-09-14,74.5859603881836,445.6768798828125,31.11870002746582,464.20362551606667,4.156990517014398
2022-09-15,73.42589569091797,444.97650146484375,31.069000244140625,456.2538342294749,2.534365910897907
2022-09-16,73.3411636352539,440.7742919921875,31.222000122070312,457.97156399453525,3.9016050424856807
2022-09-19,73.66130065917969,436.10504150390625,31.26099967956543,460.5451792605978,5.604186017297545
2022-09-20,73.5859603881836,444.97650146484375,31.32200050354004,460.97189766643277,3.594660875109776
2022-09-21,72.63495635986328,439.8404235839844,31.339000701904297,455.2613896689087,3.5060365664593793
2022-09-22,71.21314239501953,433.7703857421875,31.450000762939453,447.93067653093607,3.2644669286309402
2022-09-23,69.5559310913086,424.89886474609375,31.538299560546875,438.7351581940893,3.256373362226725
2022-09-26,68.74615478515625,416.961181640625,31.791000366210938,437.1018063900992,4.830335685021453
2022-09-27,68.76498413085938,418.36199951171875,31.822999954223633,437.66161736970537,4.613138353988103
2022-09-28,67.91754150390625,409.0235595703125,31.674999237060547,430.25761506385174,5.191401570082185
2022-09-29,65.2340087890625,406.2220153808594,31.67099952697754,413.2052523002494,1.7190690447544559
2022-09-30,64.5560302734375,394.08209228515625,31.63050079345703,408.38791335728024,3.630162687466741
2022-10-03,65.20572662353516,389.41290283203125,31.80299949645996,414.7475381949189,6.505854114909859
2022-10-04,68.5578384399414,400.61895751953125,31.783700942993164,435.80436685462774,8.78276194240786
2022-10-05,70.13031005859375,415.56048583984375,31.628000259399414,443.6162929449929,6.751317331927896
2022-10-06,70.00790405273438,421.1635437011719,31.523500442504883,441.37883887704226,4.79986824078338
2022-10-07,65.6765365600586,409.0235595703125,31.538999557495117,414.2744515011,1.2837627094888233
2022-10-11,59.74446487426758,374.9382629394531,31.792800903320312,379.8887753646006,1.320354019442098
2022-10-12,60.36592102050781,371.20294189453125,31.825300216674805,384.2327118667483,3.510147281084624
2022-10-13,62.729331970214844,368.8682861328125,31.774200439453125,398.6348734909203,8.069706309040143
2022-10-14,60.18701171875,384.74359130859375,31.848600387573242,383.37441695053127,-0.3558667094117489
2022-10-17,61.100364685058594,370.7359924316406,31.961999893188477,390.57796990752394,5.352050483617918
2022-10-18,59.98927688598633,380.0743713378906,31.988000869750977,383.78740824093256,0.976923776778678
2022-10-19,59.942195892333984,369.3351745605469,32.016998291015625,383.83383668891616,3.9256109699328015
2022-10-20,59.86686706542969,371.20294189453125,32.152000427246094,384.9679070931161,3.7082047702347762
2022-10-21,60.026947021484375,363.7321472167969,32.09400177001953,385.30098879127763,5.929869476624782
2022-10-24,57.71060562133789,361.39752197265625,32.18000030517578,371.4254613013065,2.7747670415429573
2022-10-25,57.56938171386719,346.4560241699219,32.31129837036133,372.02829391079723,7.381101195207751
2022-10-26,57.286895751953125,351.1252746582031,32.22700119018555,369.23697151604574,5.158186597496616
2022-10-27,57.39046096801758,359.99676513671875,31.962900161743164,366.87311483143276,1.9101143011944912
2022-10-28,58.388572692871094,354.3937683105469,32.042999267578125,374.1889984065201,5.585659756473806
2022-10-31,57.95542907714844,364.1990661621094,32.11399841308594,372.2361114826519,2.206772632680264
2022-11-01,57.98367691040039,365.5998229980469,32.24769973754883,373.96804053712697,2.2889008726694042
2022-11-02,56.9855842590332,368.8682861328125,32.124000549316406,366.1209880080598,-0.7447910888613346
2022-11-03,56.75959777832031,358.59600830078125,32.247501373291016,366.071041460766,2.084527710000304
2022-11-04,58.83111572265625,356.72833251953125,32.150001525878906,378.2840920505114,6.042626157203238
2022-11-07,59.094757080078125,364.1990661621094,31.999000549316406,378.19463285342795,3.8428343155303364
2022-11-08,61.222774505615234,372.6036376953125,31.850000381469727,389.9890782716961,4.665934203948944
2022-11-09,61.203948974609375,389.41290283203125,31.7898006439209,389.1322673047078,-0.07206631451667725
2022-11-10,66.70288848876953,380.54132080078125,31.91200065612793,425.7245242438483,11.8734026959246
2022-11-11,69.51826477050781,412.2920227050781,31.402000427246094,436.6025160049787,5.896425824685541
2022-11-14,68.54841613769531,415.56048583984375,31.096599578857422,426.3245296797599,2.5902471978687114
2022-11-15,75.76106262207031,448.2449645996094,30.888999938964844,468.03669174180834,4.4153819240061605
2022-11-16,74.8100357055664,454.7818908691406,31.07900047302246,465.0042270160251,2.247744765594865
2022-11-17,76.72151947021484,452.91424560546875,31.03499984741211,476.2104690102686,5.1436278789722705
2022-11-18,77.4653549194336,454.7818908691406,31.024999618530273,480.6725213649479,5.692977450427345
2022-11-21,75.26203155517578,450.1126708984375,31.111299514770508,468.2999211606366,4.040599484990463
2022-11-22,77.71959686279297,458.51727294921875,31.131000518798828,483.89776205128874,5.535339800575169
2022-11-23,77.18287658691406,459.4510803222656,31.107200622558594,480.18864532306327,4.51355234299417
2022-11-25,76.64617156982422,465.0541687011719,30.913000106811523,473.8726219849341,1.896220672183384
2022-11-28,74.5934829711914,448.7119445800781,30.928499221801758,461.4128960051952,2.830535620575714
2022-11-29,74.69706726074219,454.7818908691406,31.006099700927734,463.21294297069545,1.8538671549656722
2022-11-30,78.13389587402344,457.58343505859375,30.945999145507812,483.5862949905451,5.682648876618906
2022-12-01,77.85140991210938,465.5211181640625,30.777999877929688,479.2221369543113,2.943157303858375
2022-12-02,76.74032592773438,459.9179992675781,30.587799072265625,469.46353404354306,2.0754862369305513
2022-12-05,76.85332489013672,456.64959716796875,30.538000106811523,469.3893687407632,2.789835281100311
2022-12-06,74.91362762451172,446.3772888183594,30.562999725341797,457.91703610246185,2.5852003614812604
2022-12-07,74.61231994628906,443.5757751464844,30.633499145507812,457.1272878638003,3.0550614971795356
2022-12-08,76.08120727539062,440.30731201171875,30.636999130249023,466.17997622488764,5.87604691254373
2022-12-09,75.97763061523438,449.645751953125,30.46299934387207,462.90130231616786,2.9479985756486657
2022-12-12,75.73282623291016,443.5757751464844,30.693700790405273,464.90414168094,4.808280282531709
2022-12-13,75.80815124511719,440.30731201171875,30.68000030517578,465.1588206670014,5.64412808448233
2022-12-14,75.34675598144531,448.7119445800781,30.60099983215332,461.13721342830104,2.769096967064462
2022-12-15,73.49170684814453,451.2947692871094,30.48430061340332,448.06865683018987,-0.7148570460977551
2022-12-16,72.25122833251953,442.3722229003906,30.809999465942383,445.2120612677216,0.6419567550402953
2022-12-19,72.06185913085938,438.145751953125,30.77079963684082,443.4802057547844,1.2175066807974175
2022-12-20,71.60730743408203,429.6927185058594,30.78569984436035,440.8962146656966,2.607327440593916
2022-12-21,73.0466537475586,431.1015625,30.724000930786133,448.8570915461605,4.118641775082993
2022-12-22,71.28536224365234,439.55450439453125,30.679000854492188,437.3927378371591,-0.49180853244807987
2022-12-23,70.91604614257812,427.3446350097656,30.739999771118164,435.99184843829136,2.023475368616275
2022-12-27,70.37629699707031,429.2231750488281,30.7189998626709,432.37789155765785,0.7349827996754471
2022-12-28,69.18315124511719,423.58782958984375,30.72209930419922,425.09032854598485,0.3547077727884563
2022-12-29,71.96715545654297,418.8916931152344,30.72800064086914,442.2813597980363,5.583702677142272
2022-12-30,70.53726959228516,421.23980712890625,30.680099487304688,432.81808973082804,2.748620241006482
2023-01-03,70.10167694091797,425.4662170410156,30.72010040283203,430.706110806379,1.2315651761508113
2023-01-04,72.2701644897461,422.178955078125,30.650299072265625,443.02043112250976,4.936644944921049
2023-01-05,71.71148681640625,430.6319580078125,30.687999725341797,440.1364175451454,2.2070957253851673
2023-01-06,73.92730712890625,430.6319580078125,30.62299919128418,452.77517328446265,5.142027865068117
2023-01-09,76.04845428466797,451.764404296875,30.561500549316406,464.83097547910876,2.8923419060805684
2023-01-10,76.95748901367188,456.46044921875,30.461999893188477,468.8558044229052,2.715537616757447
2023-01-11,77.4404296875,455.0516052246094,30.432600021362305,471.34272443242367,3.5800597164739463
2023-01-12,82.38343811035156,456.9300537109375,30.434999465942383,501.46797897820943,9.747208550971667
2023-01-13,82.19407653808594,469.60955810546875,30.32550048828125,498.5153016379103,6.155271551340453
2023-01-17,84.26785278320312,472.42718505859375,30.32900047302246,511.151949384471,8.196980519034762
2023-01-30,88.18817138671875,509.9960021972656,30.256000518798828,533.6442718456965,4.63695196561242
2023-01-31,87.80940246582031,490.2723083496094,30.094999313354492,528.524781382986,7.8022911720519
2023-02-01,89.71273040771484,497.7861022949219,30.0310001373291,538.8326038388506,8.245811073208706
2023-02-02,91.5213851928711,507.1782531738281,29.533000946044922,540.5802310968808,6.585845846904754
2023-02-03,89.63697814941406,509.05670166015625,29.542999267578125,529.6290359632112,4.04126578354899
2023-02-06,86.95714569091797,494.02923583984375,29.96579933166504,521.1480756456818,5.489318817283433
2023-02-07,89.5328140258789,491.2115173339844,29.998300552368164,537.1664528895199,9.355427129427387
2023-02-08,89.27713775634766,507.1782531738281,30.027099609375,536.146701649949,5.71168978457607
2023-02-09,91.55927276611328,507.1782531738281,30.041500091552734,550.1155802371387,8.465924316473883
2023-02-10,90.30929565429688,511.8743591308594,30.003000259399414,541.9099641884095,5.867769018270283
2023-02-13,91.0100326538086,508.117431640625,30.18079948425293,549.3511093159817,8.114989785377007
2023-02-14,92.76187896728516,511.8743591308594,30.219999313354492,560.652783739366,9.529374491687818
2023-02-15,87.83780670166016,493.09002685546875,30.248699188232422,531.3958784545248,7.768531000989805
2023-02-16,86.00074005126953,495.9076232910156,30.302000045776367,521.1988857940742,5.099994699661383
2023-02-17,85.31893920898438,486.5155334472656,30.253000259399414,516.2307780042174,6.107768922895593
2023-02-21,82.98948669433594,484.6370849609375,30.364500045776367,503.98685450582417,3.992630804645561
2023-02-22,82.22245788574219,476.1840515136719,30.484500885009766,501.30211803711717,5.27486513746127
2023-02-23,85.30001068115234,486.5155334472656,30.475299835205078,519.9086802908627,6.863737033632984
2023-02-24,83.4345474243164,479.9410095214844,30.283000946044922,505.32969571668076,5.289959743283798
2023-03-01,83.72810363769531,490.2723083496094,30.64579963684082,513.1829376106907,4.673041669068518
2023-03-02,84.30573272705078,487.4547119140625,30.560699462890625,515.2884321740363,5.710011531262179
2023-03-03,85.02538299560547,484.6370849609375,30.601499557495117,520.3808440231747,7.37536605666862
2023-03-06,84.82655334472656,489.3331298828125,30.498600006103516,517.4182240714435,5.739463051552831
2023-03-07,84.13526916503906,492.1508483886719,30.575000762939453,514.4871837822371,4.5385140484255215
2023-03-08,86.01022338867188,489.3331298828125,30.726299285888672,528.5551730972948,8.015407259237753
2023-03-09,84.16368103027344,490.2723083496094,30.72480010986328,517.1824552330887,5.488816403697418
2023-03-10,82.62019348144531,481.8193359375,30.813899993896484,509.1700758827268,5.6765550705865895
2023-03-13,83.08415985107422,484.6370849609375,30.828699111938477,512.2753130033932,5.702871055499886
2023-03-14,84.55193328857422,479.001708984375,30.454999923706055,515.0058243705455,7.5164899646203445
2023-03-15,82.099365234375,479.9410095214844,30.378999710083008,498.8193185306154,3.9334644538822148
2023-03-16,85.00159454345703,476.87176513671875,30.520000457763672,518.8497408753901,8.802780707018023
2023-03-17,85.16341400146484,489.1476745605469,30.548999786376953,520.3314232275762,6.375119475942522
2023-03-20,85.70598602294922,483.48187255859375,30.618000030517578,524.8291765332397,8.551986397304892
2023-03-21,88.04755401611328,488.20330810546875,30.506000518798828,537.1957456989039,10.035253096411036
2023-03-22,88.16180419921875,503.3122253417969,30.480100631713867,537.4361327731283,6.779868581208818
2023-03-23,90.0369644165039,508.03369140625,30.350000381469727,546.524380877454,7.576404896427391
2023-03-24,88.32362365722656,508.97796630859375,30.13800048828125,532.3794825816526,4.597746429532178
2023-03-27,86.2961196899414,501.423583984375,30.320999145507812,523.3169142758707,4.366234654845808
2023-03-28,86.43891143798828,495.7577819824219,30.163000106811523,521.4513789873425,5.182691616494218
2023-03-29,88.2950668334961,500.4793395996094,30.344999313354492,535.8627484870057,7.06990400756673
2023-03-30,88.01901245117188,505.2007751464844,30.516000747680664,537.197649954015,6.333496776257526
2023-03-31,88.54252624511719,503.3122253417969,30.351999282836914,537.4885386184732,6.790280775212112
2023-04-06,85.89635467529297,500.4793395996094,30.540800094604492,524.6686793986737,4.833234438491736
2023-04-10,84.73507690429688,499.5350646972656,30.39299964904785,515.0706325228675,3.1100054677877234
2023-04-11,84.94449615478516,494.81353759765625,30.522199630737305,518.53857383375,4.794742753256092
2023-04-12,82.68856811523438,491.03631591796875,30.479900360107422,504.0678634144599,2.653886703293891
2023-04-13,82.85990142822266,481.59326171875,30.446500778198242,504.55881066316215,4.768660770387607
2023-04-14,83.002685546875,487.2591552734375,30.451000213623047,505.5029590638355,3.7441684969798086
2023-04-17,83.75465393066406,491.03631591796875,30.506000518798828,511.00390325213084,4.066417632845271
2023-04-18,83.89743041992188,486.3148193359375,30.46649932861328,511.2122015121858,5.119601785988273
2023-04-19,83.03123474121094,481.59326171875,30.451900482177734,505.6917794503388,5.003915055950744
2023-04-20,84.99209594726562,484.42620849609375,30.537500381469727,519.0892324823071,7.155480727152459
2023-04-21,81.26075744628906,482.53759765625,30.55929946899414,496.6543643756886,2.925526795840497
2023-04-24,80.56590270996094,478.7604675292969,30.625,493.4661540985107,3.0716167199652764
2023-04-25,78.32901763916016,470.2616271972656,30.57200050354004,478.93495334124015,1.844361870575553
2023-04-26,78.29094696044922,464.1236877441406,30.693700790405273,480.6077801203035,3.5516593553505817
2023-04-27,79.64260864257812,466.0123291015625,30.628299713134766,487.863537488156,4.688976454490168
2023-04-28,80.24226379394531,474.0388488769531,30.626800537109375,491.5127615726552,3.6861773538391622
2023-05-02,78.96675872802734,473.0946044921875,30.72879981994629,485.3107442767097,2.5821769406216
2023-05-03,78.71927642822266,468.37310791015625,30.75480079650879,484.19913307905955,3.378935490023706
2023-05-04,79.47126007080078,470.2616271972656,30.646799087524414,487.1079481244465,3.5823294848835694
2023-05-05,80.88002014160156,472.1502990722656,30.627899169921875,495.43702035164466,4.9320568736555765
2023-05-08,81.42259979248047,475.9275207519531,30.577999114990234,497.9480368789344,4.6268633703277775
2023-05-09,80.9656982421875,481.59326171875,30.58799934387207,495.3157449416351,2.8493926958012588
2023-05-10,80.81338500976562,474.983154296875,30.649799346923828,495.3828070190036,4.29481604507144
2023-05-11,79.41415405273438,471.2059631347656,30.61440086364746,486.24334928357274,3.191255485980851
2023-05-12,79.41415405273438,468.37310791015625,30.697900772094727,487.5695642021368,4.09853938404654
2023-05-15,81.53681182861328,467.9009704589844,30.809999465942383,502.42982577884396,7.379522056983283
2023-05-16,81.74622344970703,476.87176513671875,30.743000030517578,502.62483000180805,5.400417208115879
2023-05-17,86.50554656982422,490.0920104980469,30.777799606323242,532.4900754323025,8.651041850523013
2023-05-18,88.19035339355469,500.4793395996094,30.79129981994629,543.0991225135921,8.515792669499431
2023-05-19,88.12372589111328,502.3678894042969,30.69029998779297,540.908716728061,7.671833358908642
2023-05-22,87.30511474609375,501.423583984375,30.6200008392334,534.6565373589518,6.627720441568302
2023-05-23,86.08672332763672,500.4793395996094,30.660999298095703,527.9009927048056,5.479077942984411
2023-05-24,85.7916488647461,495.7577819824219,30.805400848388672,528.5692265445425,6.6184426658750946
2023-05-25,96.09082794189453,512.7553100585938,30.808399200439453,592.0809173469257,15.470460418882304
2023-05-26,98.24205780029297,534.47412109375,30.75979995727539,604.3812090656196,13.079602026158247
2023-05-30,97.07127380371094,534.47412109375,30.535999298095703,592.8336697470746,10.91905975426788
2023-05-31,93.84443664550781,526.9196166992188,30.56130027770996,573.6016015431786,8.859412966324866
2023-06-01,94.08240509033203,520.3096313476562,30.64590072631836,576.6480092983169,10.827856060388187
2023-06-02,94.17758178710938,530.6970825195312,30.582799911499023,576.0428279888001,8.544562795405987
2023-06-05,93.3304214477539,524.0867309570312,30.66699981689453,572.4328034897917,9.224822854124929
2023-06-06,95.0152359008789,528.8084106445312,30.64579963684082,582.3635763730999,10.127517764570662
2023-06-07,95.4626235961914,536.3627319335938,30.631799697875977,584.8383929264528,9.03785034021729
2023-06-08,95.12945556640625,527.864013671875,30.712900161743164,584.3402942504035,10.699020792433615
2023-06-09,97.85179901123047,533.5296630859375,30.64579963684082,599.7493253205175,12.411617725538495
2023-06-12,101.90673065185547,542.028564453125,30.660999298095703,624.9124393975536,15.291421961876415
2023-06-13,101.65925598144531,559.9702758789062,30.711299896240234,624.4175795349641,11.509057968283061
2023-06-14,102.2398910522461,557.1375122070312,30.577999114990234,625.2582596224557,12.226918116781004
2023-06-15,100.53656005859375,560.6948852539062,30.731300354003906,617.9238447437995,10.206791785514065
2023-06-16,99.95350646972656,558.7974243164062,30.65329933166504,612.7809506132094,9.660661260714075
2023-06-20,99.3895492553711,553.1051635742188,30.791799545288086,612.0766155135847,10.661887796940228
2023-06-21,97.15283966064453,551.20751953125,30.95330047607422,601.4402076239581,9.113208059176388
2023-06-26,95.69039154052734,544.566650390625,30.996999740600586,593.2230083519389,8.934876553019185
2023-06-27,97.57342529296875,542.6691284179688,31.003999710083008,605.0332898990018,11.492115216290621
2023-06-28,96.4646224975586,544.566650390625,30.993499755859375,597.9552507654298,9.80386888115687
2023-06-29,96.19699096679688,543.6178588867188,31.056499481201172,597.5083600106882,9.913305871579057
2023-06-30,96.4646224975586,546.4640502929688,31.117300033569336,600.3437201763068,9.859691566984543
2023-07-03,98.59618377685547,549.3101806640625,31.145999908447266,614.175346177438,11.808476849083664
2023-07-05,96.53153991699219,552.1564331054688,31.077999114990234,600.0014224217855,8.665114892753184
2023-07-06,95.02129364013672,536.028076171875,31.224199295043945,593.3927619785042,10.701806184539375
2023-07-07,95.80509948730469,536.028076171875,31.326900482177734,600.2553634647862,11.982075221059322
2023-07-10,95.36540222167969,536.028076171875,31.259000778198242,596.2054364521347,11.226531399255304
2023-07-11,96.78962707519531,547.41259765625,31.360000610351562,607.064552830765,10.897073876252609
2023-07-12,99.31307220458984,548.3614501953125,31.265499114990234,621.014554223913,13.249126830984077
2023-07-13,100.90934753417969,555.0026245117188,31.03380012512207,626.3201044264424,12.849935615613978
2023-07-14,100.49833679199219,560.6948852539062,30.957799911499023,622.241480368987,10.97684261685567
2023-07-17,100.16378021240234,560.6948852539062,30.950000762939453,620.0138147985505,10.579538195320279
2023-07-18,98.59618377685547,551.20751953125,30.950000762939453,610.310392623319,10.722435924373892
2023-07-19,98.5101547241211,551.20751953125,30.902999877929688,608.8518598828698,10.457829095045886
2023-07-20,93.53973388671875,549.3101806640625,31.04330062866211,580.7564159540925,5.724677312919011
2023-07-21,92.95663452148438,531.2845458984375,31.037799835205078,577.0338831264293,8.611079991161157
2023-07-24,93.91250610351562,529.3870849609375,31.32200050354004,588.3055126926047,11.129555179083122
2023-07-25,95.89112854003906,539.822998046875,31.299999237060547,600.2784500288195,11.199124935520983
2023-07-26,95.02129364013672,536.9768676757812,31.166000366210938,592.2867344772676,10.300232678715993
2023-07-27,94.96393585205078,539.822998046875,31.214000701904297,592.8408720683016,9.82134407264042
2023-07-28,96.40727996826172,537.9254760742188,31.296300888061523,603.438248337261,12.178782224845461
2023-07-31,94.77275848388672,536.028076171875,31.353500366210938,594.2915435662726,10.86948053364945
2023-08-01,94.05587768554688,537.9254760742188,31.39889907836914,590.6502022351837,9.801492679943339
2023-08-02,91.4750747680664,532.233154296875,31.594999313354492,578.0309848972219,8.604843616112127
2023-08-04,91.914794921875,525.592041015625,31.640499114990234,581.645997476019,10.664917290619254
2023-08-07,92.09638977050781,529.3870849609375,31.652000427246094,583.0069936727872,10.128677150445823
2023-08-08,90.3184814453125,523.6947021484375,31.66550064086914,571.995986417774,9.22317603580528
2023-08-09,89.83101654052734,525.592041015625,31.795499801635742,571.2444137190149,8.685894979530854
2023-08-10,90.61480712890625,522.7459106445312,31.708999633789062,574.6609772132709,9.931223853043605
2023-08-11,87.92887878417969,518.0023803710938,31.741500854492188,558.1989162125159,7.759913344920458
2023-08-14,88.961181640625,513.2587890625,31.893999099731445,567.4655694314279,10.561296079885942
2023-08-15,87.63256072998047,514.2075805664062,31.90399932861328,559.1658317387919,8.74321049932083
2023-08-16,87.7281265258789,514.2075805664062,31.864900588989258,559.0896061210806,8.728386599286655
2023-08-17,87.59430694580078,516.10498046875,31.912799835205078,559.0759168529709,8.32600691921103
2023-08-18,87.07816314697266,511.36138916015625,31.896400451660156,555.4959924661671,8.6308047970724
2023-08-21,88.47370147705078,509.46392822265625,31.902000427246094,564.4976124641835,10.802272976130174
2023-08-22,88.16781616210938,513.2587890625,31.916200637817383,562.7963420856162,9.651574230925434
2023-08-23,90.0604248046875,523.6947021484375,31.976999282836914,575.972427878296,9.982481303589884
2023-08-24,88.44503021240234,535.0792846679688,31.85580062866211,563.4974498084572,5.311019498376337
2023-08-25,88.9898681640625,518.0023803710938,31.81410026550293,566.2265176770743,9.309636235924836
2023-08-28,89.85013580322266,520.8485107421875,31.812000274658203,571.6625089700392,9.756003363712006
2023-08-29,90.88246154785156,523.6947021484375,31.81800079345703,578.3396467281739,10.434503987830615
2023-08-30,90.59567260742188,526.5409545898438,31.767000198364258,575.5905499381829,9.315437844060392
2023-08-31,89.4391098022461,520.8485107421875,31.798799514770508,568.8112642762338,9.208580334750579
2023-09-01,89.07589721679688,519.89990234375,31.80780029296875,566.6616699177772,8.994378987805431
2023-09-05,90.42364501953125,523.6947021484375,31.857799530029297,576.1396711613518,10.014416567087807
2023-09-06,88.18694305419922,521.7973022460938,31.904499053955078,562.7120482487778,7.841118730695845
2023-09-07,86.07452392578125,514.2075805664062,31.933900833129883,549.7390622609528,6.909949023973576
2023-09-08,85.6826171875,511.36138916015625,32.03139877319336,548.9068158127367,7.342249033358551
2023-09-11,85.64437866210938,508.5151672363281,32.084999084472656,549.5799621928018,8.075431688626333
2023-09-12,86.48554229736328,516.10498046875,31.9064998626709,551.8901886867679,6.933707205366665
2023-09-13,87.19286346435547,513.2587890625,31.96380043029785,557.4030573441735,8.600781754230805
2023-09-14,87.88561248779297,524.7069091796875,31.894899368286133,560.6205532436696,6.844515182795773
2023-09-15,85.75260925292969,532.3390502929688,31.868900299072266,546.5682709333837,2.6729620215883108
2023-09-18,85.34906005859375,515.1668701171875,31.878000259399414,544.1514717374695,5.626254967383424
2023-09-19,84.71492767333984,513.2587890625,31.898500442504883,540.45583157496,5.298894649643929
2023-09-20,83.86943054199219,510.3966979980469,31.979999542236328,536.4288700681063,5.100380189011151
2023-09-21,82.01502990722656,502.7646179199219,32.0088996887207,525.0421730535686,4.431010922330855
2023-09-22,82.2840576171875,497.99456787109375,32.13800048828125,528.8890167757869,6.203772269397565
2023-09-25,82.86054229736328,500.8564453125,32.13100051879883,532.4784255089063,6.313581564609068
2023-09-26,80.9869613647461,495.13250732421875,32.10279846191406,519.981619747053,5.0186792535846765
2023-09-27,82.09190368652344,497.99456787109375,32.18980026245117,528.5043965667137,6.126538453230164
2023-09-28,83.02388763427734,498.94854736328125,32.225799560546875,535.1022323279176,7.2459745911060995
2023-10-02,84.21529388427734,508.4886474609375,32.244998931884766,543.1044122693769,6.807578690554464
2023-10-03,82.0630874633789,504.67266845703125,32.306800842285156,530.2391646364821,5.065956168701776
2023-10-04,83.2737045288086,496.0865783691406,32.31169891357422,538.1429736305611,8.47763215035543
2023-10-05,83.61959075927734,503.7186279296875,32.29119873046875,540.0353645936585,7.2097267502762215
2023-10-06,85.79103088378906,507.5346374511719,32.20370101928711,552.557741743594,8.870942191951107
2023-10-11,88.39482879638672,518.9828491210938,32.01649856567383,566.0185818744998,9.063061107522499
2023-10-12,88.7983627319336,524.7069091796875,32.059200286865234,569.3608991937537,8.510272922435306
2023-10-13,86.91517639160156,527.5689086914062,32.1697998046875,559.2087649013847,5.997293564637588
2023-10-16,87.64539337158203,519.9368896484375,32.19490051269531,564.3469439988257,8.541431707301381
2023-10-17,87.43403625488281,525.660888671875,32.186500549316406,562.8391311893472,7.072666678969792
2023-10-18,86.0888900756836,515.1668701171875,32.32500076293945,556.5646874754166,8.035807378066085
2023-10-19,89.2691879272461,520.890869140625,32.395301818847656,578.3804572053137,11.036781688943039
2023-10-20,87.73188018798828,530.4309692382812,32.34830093383789,567.5954523624911,7.006469320141585
2023-10-23,87.53970336914062,518.9828491210938,32.332000732421875,566.0667506894097,9.072342496106241
2023-10-24,88.04895782470703,518.9828491210938,32.236000061035156,567.6692419622676,9.381117877715054
2023-10-25,84.20570373535156,518.9828491210938,32.20399856567383,542.3520724629634,4.502889330821978
2023-10-26,84.02314758300781,506.5806884765625,32.38029861450195,544.1389218536322,7.414067340391189
2023-10-27,82.6203384399414,508.4886474609375,32.3588981628418,534.7006235515175,5.154879311753693
2023-10-30,82.68759155273438,507.5346374511719,32.41400146484375,536.0471427429468,5.617844219453495
2023-10-31,82.92778778076172,504.67266845703125,32.247501373291016,534.8427900688199,5.978156436335208
2023-11-01,84.35944366455078,503.7186279296875,32.40290069580078,546.698135163088,8.532443481403238
2023-11-02,86.93441009521484,521.8449096679688,32.376800537109375,562.9316110928077,7.873354834673179
2023-11-03,88.19306945800781,523.7528686523438,32.159000396728516,567.2401911377557,8.303023255473168
2023-11-06,88.97130584716797,524.7069091796875,32.08940124511719,571.0071865263627,8.824026620701414
2023-11-07,88.78876495361328,529.47705078125,32.10200119018555,570.0594076431997,7.664611110541989
2023-11-08,88.39482879638672,530.4309692382812,32.0802001953125,567.1447608036921,6.921502267888542
2023-11-09,88.02973175048828,531.385009765625,32.215999603271484,567.1931606299652,6.738645277203788
2023-11-10,93.62167358398438,531.385009765625,32.253501892089844,603.9253652163316,13.651185885484713
2023-11-13,92.64163208007812,544.7411499023438,32.34579849243164,599.3135126544395,10.01803567839128
2023-11-14,95.03406524658203,545.6951293945312,32.24449920654297,612.8651682875934,12.309077958527828
2023-11-15,94.92837524414062,554.2811889648438,32.07699966430664,609.0034921678947,9.872661077538718
2023-11-16,94.6785659790039,556.1893310546875,32.00859832763672,606.1056377317174,8.974696904447063
2023-11-17,95.67781066894531,553.3273315429688,31.836999893188477,609.2188896095438,10.100993549463727
2023-11-20,96.04290771484375,550.4651489257812,31.734699249267578,609.5785582711455,10.738810524285253
2023-11-21,94.55366516113281,558.0974731445312,31.468000411987305,595.0829548490874,6.627064891759145
2023-11-22,94.78424072265625,550.4651489257812,31.374000549316406,594.7521640998311,8.045380395193932
2023-11-24,93.99637603759766,548.55712890625,31.61400032043457,594.3202924344602,8.342460815240123
2023-11-27,93.40067291259766,541.8790893554688,31.63599967956543,590.964731666827,9.058412342454945
2023-11-28,94.14049530029297,548.55712890625,31.524999618530273,593.5558156859973,8.20309944188835
2023-11-29,95.0052261352539,547.603271484375,31.27199935913086,594.2006741631485,8.50933606595575
2023-11-30,93.49675750732422,550.4651489257812,31.069000244140625,580.9701563642826,5.541678251208294
2023-12-01,94.68817138671875,552.3731689453125,31.374000549316406,594.1493482201361,7.563035575133012
2023-12-04,93.20851135253906,547.603271484375,31.18899917602539,581.4160367545788,6.174682846314703
2023-12-05,92.90105438232422,543.7872314453125,31.423599243164062,583.8571004355093,7.368666763965119
2023-12-06,94.01559448242188,543.7872314453125,31.516000747680664,592.59910920033,8.97628243776194
2023-12-07,95.39915466308594,539.9711303710938,31.489099502563477,600.8066947292712,11.266447581441682
2023-12-08,96.41761779785156,543.7872314453125,31.427000045776367,606.0232957893459,11.444929329917947
2023-12-11,96.99410247802734,547.603271484375,31.409500122070312,609.3072547247401,11.268008511546254
2023-12-12,97.61865234375,551.4192504882812,31.327999114990234,611.6394108463079,10.920939068540271
2023-12-13,98.11827850341797,550.4651489257812,31.473100662231445,617.6172912285866,12.199163277430202
2023-12-14,99.86457824707031,558.13720703125,31.156999588012695,622.2961246602063,11.495187351909333
2023-12-15,98.98613739013672,561.0142211914062,31.18429946899414,617.3626703306044,10.044032220704297
2023-12-18,99.36258697509766,561.0142211914062,31.34779930114746,622.959686907634,11.041692594650517
2023-12-19,100.27001953125,561.0142211914062,31.375,629.1943725585937,12.153016588847905
2023-12-20,96.57275390625,561.0142211914062,31.270000457763672,603.9660117711871,7.656096576048585
2023-12-21,98.99578094482422,553.3422241210938,31.309999465942383,619.9115697025991,12.03041132225927
2023-12-22,99.57498168945312,558.13720703125,31.19300079345703,621.2084965695161,11.300319839586463
2023-12-26,100.82990264892578,561.9732055664062,31.119699478149414,627.5592537691264,11.670671760340728
2023-12-27,101.02298736572266,567.7271728515625,30.94300079345703,625.1908756429912,10.121710839169763
2023-12-28,101.07124328613281,568.686279296875,30.845699310302734,623.5226358645014,9.642637525108949
2023-12-29,100.3955078125,568.686279296875,30.697999954223633,616.3882588464767,8.388101012139858
2024-01-02,98.0111083984375,568.686279296875,30.66860008239746,601.1726974208374,5.712537704290784
2024-01-03,96.69825744628906,554.3012084960938,30.878999710083008,597.1890927298983,7.737288603459147
2024-01-04,95.69429779052734,556.21923828125,31.041900634765625,594.1065766654443,6.811583594495656
2024-01-05,96.15766143798828,552.38330078125,31.054000854492188,597.2160200922517,8.116233645657578
2024-01-08,98.6965103149414,559.0960693359375,30.95199966430664,610.9708708272606,9.278334142634378
2024-01-09,98.358642578125,561.9732055664062,30.72100067138672,604.3351849358528,7.538078141421423
2024-01-10,97.3064193725586,560.0552368164062,31.061100006103516,604.4888846733782,7.933797407118587
2024-01-11,97.71186828613281,561.9732055664062,31.117799758911133,608.115670279396,8.210794439297741
2024-01-12,97.73117065429688,560.0552368164062,30.893999099731445,603.8613396419096,7.821746846706759
2024-01-16,98.14625549316406,556.21923828125,31.19499969482422,612.3344820314786,10.088691632390855
2024-01-17,99.38191223144531,557.1783447265625,31.45800018310547,625.2712426348357,12.221023762452596
2024-01-18,109.11254119873047,563.8912963867188,31.542499542236328,688.3364561626396,22.068998151476325
2024-01-19,110.24198913574219,600.3331298828125,31.58060073852539,696.3016487033456,15.985877514250548
2024-01-22,109.11254119873047,600.3331298828125,31.383800506591797,684.8732451496471,14.08220054144558
2024-01-23,110.1744155883789,602.251220703125,31.368000030517578,691.1902143077052,14.76775646892744
2024-01-24,112.48158264160156,601.292236328125,31.395000457763672,706.2718677046128,17.459003298888497
2024-01-25,112.52019500732422,615.6771240234375,31.29199981689453,704.1963843132253,14.377545768034421
2024-01-26,113.19593811035156,617.59521484375,31.315000534057617,708.9461724757624,14.791396603538123
2024-01-29,112.92564392089844,621.4310913085938,31.273099899291992,706.3069887060265,13.658135002338426
2024-01-30,112.03752899169922,615.6771240234375,31.184999465942383,698.7780563543289,13.497485790576153
2024-01-31,109.04496765136719,602.251220703125,31.159099578857422,679.5486011244473,12.834740348235076
2024-02-01,109.46006774902344,602.251220703125,31.2450008392334,684.0159817361564,13.576520598425933
2024-02-02,111.73826599121094,608.9641723632812,31.233999252319336,698.0065832849883,14.621945750297488
2024-02-05,114.67289733886719,619.5131225585938,31.3257999420166,718.4440481617523,15.96914124991786
2024-02-15,124.55802154541016,668.4220581054688,31.34510040283203,780.8567382637993,16.820911098746205
2024-02-16,122.29910278320312,654.9961547851562,31.262699127197266,764.6800107674907,16.745725174266337
2024-02-20,120.98625183105469,658.8320922851562,31.402099609375,759.8444662727416,15.332036063577947
2024-02-21,120.99588775634766,653.078125,31.37779998779297,759.316953072825,16.267399566143016
2024-02-22,124.59661865234375,663.6270751953125,31.426300048828125,783.122144567594,18.006358365820564
2024-02-23,125.0406723022461,668.4220581054688,31.45400047302246,786.605873148379,17.681016598686565
2024-02-26,126.1122055053711,669.381103515625,31.601999282836914,797.0795655875437,19.077093960561424
2024-02-27,124.13325500488281,669.381103515625,31.5487003326416,783.2485726928862,17.010858026798672
2024-02-29,124.21047973632812,661.7091064453125,31.647899627685547,786.2001590803965,18.813561944741444
2024-03-01,129.25921630859375,660.7501220703125,31.614900588989258,817.3034547613701,23.693273366417667
2024-03-04,133.4680938720703,695.2740478515625,31.55929946899414,842.4319088128977,21.165447123484853
2024-03-05,130.29212951660156,700.0690307617188,31.509300231933594,821.0827653593151,17.285971708522208
2024-03-06,136.6634063720703,704.864013671875,31.54050064086914,862.0864512523287,22.30535742084901
2024-03-07,144.0289306640625,728.8389282226562,31.464000701904297,906.3452751017176,24.35467426416528
2024-03-08,141.29702758789062,751.8550415039062,31.434799194335938,888.3287377963774,18.151596884884633
2024-03-11,134.20176696777344,734.5928955078125,31.452999114990234,844.2096115335007,14.9221040246941
2024-03-12,139.39529418945312,738.4290161132812,31.362199783325195,874.3486130450037,18.406589389882704
2024-03-13,137.21363830566406,747.0599365234375,31.398799896240234,861.668714438926,15.341309620863722
2024-03-14,134.78094482421875,751.8550415039062,31.406600952148438,846.6022700095549,12.601794664584476
2024-03-15,132.23245239257812,722.1260375976562,31.525999069213867,833.7520342096569,15.45796589517173
2024-03-18,132.4398956298828,736.09619140625,31.603700637817383,837.118162798119,13.724017672048403
2024-03-19,130.72430419921875,734.1693115234375,31.641000747680664,827.2495613815031,12.67830844971162
2024-03-20,132.54652404785156,730.3154296875,31.73040008544922,841.1508475947893,15.176376316561663
2024-03-21,135.16351318359375,755.3658447265625,31.76219940185547,858.618091518525,13.669170708842307
2024-03-22,136.22000122070312,756.3291015625,31.882999420166016,868.6204439869383,14.846889031832264
2024-03-25,135.91954040527344,751.5118408203125,31.934999465942383,868.1180900507084,15.51622248601091
2024-03-26,134.57228088378906,753.4387817382812,31.733999252319336,854.103332189814,13.360680773464633
2024-03-27,132.48837280273438,750.5482788085938,31.885299682617188,844.8862942554988,12.569213481730374
2024-03-28,131.86802673339844,740.9136352539062,31.979400634765625,843.4120915646665,13.834062626696664
2024-04-01,137.1408233642578,741.8770751953125,31.93400001525879,875.8910110813623,18.064169977319793
2024-04-02,135.90985107421875,761.1466064453125,32.01499938964844,870.2307598376647,14.33155616390306
2024-04-03,137.63511657714844,751.5118408203125,32.03900146484375,881.9383403258398,17.35521550307981
2024-04-08,138.40084838867188,754.40234375,32.11119842529297,888.8434209675063,17.820872155463302
2024-04-09,140.93063354492188,789.08740234375,32.07279968261719,904.0079957661219,14.56373439507897
2024-04-10,141.7254180908203,785.2335205078125,31.96619987487793,906.0846084083605,15.39046471454674
2024-04-11,142.67532348632812,790.0509643554688,32.18299865722656,918.3439488359727,16.238570708557596
2024-04-12,138.13917541503906,788.1239013671875,32.2244987487793,890.2931370638661,12.963600712964277
2024-04-15,135.83230590820312,776.5623168945312,32.25400161743164,876.2270828925306,12.83409764158506
2024-04-16,135.50277709960938,759.2197265625,32.38880157470703,877.7545120602008,15.612711491887566
2024-04-17,134.7564239501953,774.63525390625,32.49789810180664,875.8601068194606,13.067421396426829
2024-04-18,128.20420837402344,774.63525390625,32.3380012512207,829.1735701621859,7.040515646675745
2024-04-19,123.77470397949219,722.6075439453125,32.41590118408203,802.4537146576448,11.04972835965509
2024-04-22,125.76168060302734,714.8998413085938,32.50400161743164,817.5515739463444,14.358897107859342
2024-04-23,129.32855224609375,726.4614868164062,32.58300018310547,842.7824483030475,16.011992871968765
2024-04-24,128.8827362060547,754.40234375,32.503501892089844,837.828052026243,11.058516581688838
2024-04-25,132.38174438476562,738.0231323242188,32.62730026245117,863.8517846617615,17.049418483845752
2024-04-26,134.0488739013672,753.4387817382812,32.53099822998047,872.1487359232501,15.75575309663375
2024-04-29,134.2427215576172,765.964111328125,32.558998107910156,874.1617034390335,14.125673841728947
2024-04-30,133.11839294433594,761.1466064453125,32.433998107910156,863.5123409769265,13.448885361215732
2024-05-02,132.04246520996094,743.8040161132812,32.47600173950195,857.6422659693635,15.304871631500403
2024-05-03,137.20867919921875,751.5118408203125,32.34600067138672,887.6304058996029,18.11263079111438
2024-05-06,138.4396209716797,757.2926635742188,32.27690124511719,893.680394902872,18.009910552274416
2024-05-07,136.7725067138672,770.7813720703125,32.26300048828125,882.5382901785896,14.499172159298416
2024-05-08,139.18597412109375,772.7083129882812,32.363800048828125,900.9174072112887,16.592172242483933
2024-05-09,138.40084838867188,766.9274291992188,32.33300018310547,894.9829312585761,16.697212432871964
2024-05-10,144.67198181152344,772.7083129882812,32.33879852294922,935.7036143437261,21.094027153027
2024-05-13,141.90960693359375,789.08740234375,32.42399978637695,920.2554129799363,16.622748031028074
2024-05-14,147.27928161621094,794.8682250976562,32.371498107910156,953.5301972347079,19.96078936449607
2024-05-15,150.79771423339844,808.3569946289062,32.31370162963867,974.5664688339108,20.561394941761666
2024-05-16,147.55067443847656,810.2839965820312,32.03129959106445,945.2479715604917,16.65637918899673
2024-05-17,147.01759338378906,804.5030517578125,32.12379837036133,944.5527053513215,17.40821905989109
2024-05-20,148.8301239013672,804.5030517578125,32.16400146484375,957.3944646352902,19.004454059361866
2024-05-21,148.9464111328125,810.2839965820312,32.2057991027832,959.3876388047821,18.401405291441662
2024-05-22,151.35018920898438,832.4439697265625,32.234798431396484,975.7485683410661,17.21492422626061
2024-05-23,152.26132202148438,843.0421752929688,32.223899841308594,981.2907181051095,16.39876946418457
2024-05-24,155.0818634033203,835.3343505859375,32.22079849243164,999.3722941098385,19.637399492650836
2024-05-28,154.50997924804688,833.4074096679688,32.06999969482422,991.0269974664319,18.91266935834649
2024-05-29,149.5958251953125,825.6995849609375,32.17380142211914,962.6132746824063,16.581537912235476
2024-05-30,148.2582550048828,807.3934936523438,32.37699890136719,960.0314718823415,18.90502950915806
2024-05-31,146.39724731445312,791.014404296875,32.35639953613281,947.3775650192983,19.767422675622832
2024-06-03,150.1870574951172,815.101318359375,32.46500015258789,975.1645688991412,19.637221402357603
2024-06-04,147.78330993652344,808.3569946289062,32.314300537109375,955.1028583315201,18.153596081639737
2024-06-05,157.912109375,822.80908203125,32.328800201416016,1021.0218066737057,24.08975896973967
2024-06-06,157.08822631835938,861.3482055664062,32.25199890136719,1013.2818605274894,17.639051661014886
2024-06-07,159.3369140625,846.8960571289062,32.208900451660156,1026.4133606627584,21.197088122294534
2024-06-11,160.61636352539062,850.7499389648438,32.33399963378906,1038.6738878821022,22.08921097848286
2024-06-12,167.66282653808594,875.80029296875,32.315799713134766,1083.6316643485684,23.73045237006265
2024-06-13,168.1237335205078,888.8572998046875,32.20100021362305,1082.7504758017951,21.813757510875213
2024-06-14,167.7348175048828,891.759033203125,32.29899978637695,1083.5333669516374,21.50517422399129
2024-06-17,172.33389282226562,890.791748046875,32.3489990234375,1114.9657861225305,25.165706638748418
2024-06-18,174.716064453125,912.0701904296875,32.30099868774414,1128.7006737256422,23.751514474329813
2024-06-20,170.525390625,948.8238525390625,32.38079833984375,1104.3496571302414,16.391430735535398
2024-06-21,169.14468383789062,938.1845092773438,32.340999603271484,1094.0616305793403,16.614761783059514
2024-06-24,163.16488647460938,909.1685791015625,32.362998962402344,1056.1010103356557,16.161186672255145
2024-06-25,167.8223114013672,914.0045776367188,32.32149887084961,1084.8537296925322,18.692373784118978
2024-06-26,167.3070068359375,928.5125732421875,32.4734992980957,1086.6087938106618,17.026826036015077
2024-06-27,166.87918090820312,928.5125732421875,32.582298278808594,1087.4614497748669,17.118656344917383
2024-06-28,168.9988250732422,934.3158569335938,32.52199935913086,1099.2359361451702,17.65142676191335
2024-07-01,167.559814453125,936.2501220703125,32.50400161743164,1089.2728960001841,16.344219383544132
2024-07-02,170.83651733398438,928.5125732421875,32.52170181274414,1111.178855092707,19.673000357193217
2024-07-03,177.43858337402344,946.889404296875,32.57279968261719,1155.9342864418868,22.07701144361635
2024-07-05,178.8970184326172,972.03662109375,32.50659942626953,1163.0667433486087,19.652564328276934
2024-07-08,181.46397399902344,1001.0525512695312,32.393001556396484,1175.6325584360516,17.439644596591716
2024-07-09,179.412353515625,1005.8886108398438,32.47100067138672,1165.1397302921862,15.831884140668354
2024-07-10,185.7615966796875,1010.7246704101562,32.50749969482422,1207.729009475,19.491395118009606
2024-07-11,179.39292907714844,1044.5765380859375,32.58689880371094,1169.171845187666,11.92782936997939
2024-07-12,182.16404724121094,1005.8886108398438,32.38679885864258,1179.9420714554726,17.303452762061486
2024-07-15,180.093017578125,1005.8886108398438,32.54800033569336,1172.3335193177686,16.547051699785673
2024-07-16,180.89027404785156,1020.396728515625,32.57400131225586,1178.4640048418078,15.49076667034437
2024-07-17,166.46109008789062,996.2164916992188,32.56330108642578,1084.1045191413257,8.822181541303213
2024-07-18,167.11251831054688,972.03662109375,32.49079895019531,1085.9238468977624,11.716351352674838
2024-07-19,161.18141174316406,938.1845092773438,32.638999938964844,1052.1600176094798,12.1485173977055
2024-07-22,164.6623077392578,908.2013549804688,32.78099822998047,1079.5589637090218,18.867799281387125
2024-07-23,165.11929321289062,946.889404296875,32.80849838256836,1083.4632128611906,14.423417132408433
2024-07-26,157.45741271972656,893.693359375,32.643001556396484,1027.9765136952396,15.025640832125003
2024-07-29,155.58082580566406,913.0374755859375,32.79800033569336,1020.547995400324,11.77503910728222
2024-07-30,150.26223754882812,909.1685791015625,32.849300384521484,987.2018755383557,8.582929308215364
2024-07-31,161.21054077148438,903.3654174804688,32.76150131225586,1056.2998686068922,16.92941174934118
2024-08-01,153.80145263671875,928.5125732421875,32.57229995727539,1001.9334098295774,7.9073605143566805
2024-08-02,145.7117919921875,873.3821411132812,32.71649932861328,953.4359489766881,9.165954293657071
2024-08-05,143.85462951660156,788.2684936523438,32.58890151977539,937.6128708960605,18.945876747115463
2024-08-06,151.08872985839844,851.136474609375,32.67900085449219,987.4857464293483,16.019672037031444
2024-08-07,150.74839782714844,889.8245849609375,32.77799987792969,988.2461931152734,11.060787689818271
2024-08-08,159.99514770507812,866.6116943359375,32.650001525878906,1044.7683633408044,20.557842707325086
2024-08-09,162.49398803710938,903.3654174804688,32.41019821166992,1053.2924720974872,16.596501450672367
2024-08-12,162.9899139404297,909.1685791015625,32.435001373291016,1057.3156164980842,16.29478193614215
2024-08-13,167.56951904296875,910.1358032226562,32.23899841308594,1080.4546917015687,18.71356866479029
2024-08-14,165.26512145996094,916.90625,32.30500030517578,1067.7779598397901,16.45443139249952
2024-08-15,169.14468383789062,912.0701904296875,31.9950008392334,1082.3568602690357,18.670347044137472
2024-08-16,169.7086181640625,937.2174072265625,32.442501068115234,1101.1544052111915,17.49188573756387
2024-08-19,170.5934295654297,941.086181640625,32.135501861572266,1096.4210946743726,16.50591795566984
2024-08-20,167.27780151367188,941.086181640625,31.910499572753906,1067.583642746648,13.441644726468722
2024-08-21,166.69444274902344,926.5781860351562,31.895000457763672,1063.3438655573525,14.760295632192562
2024-08-22,161.8328399658203,919.8077392578125,31.69499969482422,1025.8583626658422,11.529651130528787
2024-08-23,166.53884887695312,917.8733520507812,32.03499984741211,1067.0143996722763,16.248543144680365
2024-08-26,164.39002990722656,918.840576171875,31.754499435424805,1044.0246223756985,13.624131263920919
2024-08-27,165.82907104492188,911.1029663085938,31.80900001525879,1054.971384679654,15.790577321238958
2024-08-28,164.5164337158203,932.3814697265625,31.69499969482422,1042.8696632832987,11.850106114736365
2024-08-29,164.4678192138672,912.0701904296875,31.982999801635742,1052.0348458585156,15.345820628441878
2024-08-30,166.9472198486328,913.0374755859375,31.857999801635742,1063.7208993642766,16.503531104420304
2024-09-03,156.0475311279297,909.1685791015625,31.930999755859375,996.5507356696762,9.611216068912597
2024-09-04,156.41700744628906,859.8412475585938,31.981000900268555,1000.4744911914167,16.35572194659568
2024-09-05,159.16868591308594,872.4149780273438,31.954999923706055,1017.2470692418109,16.601284350018087
2024-09-06,152.47914123535156,887.8901977539062,32.00699996948242,976.0799737733207,9.932509249736954
2024-09-09,158.27413940429688,869.5133666992188,32.025901794433594,1013.7744090321008,16.591009161884998
2024-09-10,157.93382263183594,874.349365234375,32.108001708984375,1014.1878893938847,15.993438060314148
2024-09-11,165.51791381835938,871.44775390625,32.15800094604492,1064.5450458316366,22.158217869038182
2024-09-12,167.29991149902344,913.2229614257812,32.106998443603516,1074.2995996228303,17.638259767972333
2024-09-13,168.3441619873047,920.0235595703125,31.92300033569336,1074.810147926549,16.824198331239256
2024-09-16,165.0065460205078,920.0235595703125,31.937999725341797,1053.9958042965154,14.5618276111074
2024-09-18,163.2499237060547,914.1944580078125,31.93950080871582,1042.8242140464658,14.070283943632711
2024-09-19,171.97451782226562,932.6532592773438,31.77899932861328,1093.0356172824743,17.196354208787206
2024-09-20,169.88609313964844,945.2828369140625,31.76799964904785,1079.3882694476924,14.186804974839687
2024-09-23,170.54969787597656,949.1690063476562,31.98900032043457,1091.1428680009267,14.957700968300374
2024-09-24,177.58599853515625,958.8840942382812,31.933000564575195,1134.170758296759,18.280276533080052
2024-09-25,177.9568634033203,976.371337890625,31.700000762939453,1128.2465411311132,15.555065715939886
2024-09-26,182.3289031982422,986.0865478515625,31.863000869750977,1161.9092002372665,17.830346917192806
2024-09-27,173.68238830566406,971.5137939453125,31.459999084472656,1092.8095554170432,12.485233069017907
2024-09-30,169.4859619140625,929.73876953125,31.575000762939453,1070.3038753488102,15.118774264778633
2024-10-01,167.92453002929688,944.3114013671875,31.579999923706055,1060.611329102714,12.315844918016015
2024-10-04,176.79551696777344,949.1690063476562,32.018001556396484,1132.1278274876183,19.27568430030984
2024-10-07,180.06480407714844,976.371337890625,32.34000015258789,1164.6591582661379,19.284447737097054
2024-10-08,181.5677032470703,981.2289428710938,32.12179946899414,1166.456270749646,18.877075449545305
2024-10-09,182.63143920898438,990.944091796875,32.16999816894531,1175.0506129889748,18.578900940643393
2024-10-11,186.21304321289062,1015.23193359375,32.195499420166016,1199.0443849575938,18.105463912386867
2024-10-14,187.5792999267578,1015.23193359375,32.130001068115234,1205.3846214006073,18.729975044593882
2024-10-15,182.62168884277344,1039.519775390625,32.152000427246094,1174.330523539451,12.968560227550025
2024-10-16,182.96324157714844,1015.23193359375,32.17100143432617,1177.2221414414817,15.955980351633897
2024-10-17,200.88092041015625,1005.5167236328125,32.1349983215332,1291.0616080416833,28.397825485908477
2024-10-18,195.94284057617188,1054.092529296875,32.06800079345703,1256.6990334137809,19.22094109252943
2024-10-21,197.08462524414062,1054.092529296875,32.04199981689453,1262.9971051970963,19.8184286572612
2024-10-22,193.6982421875,1044.377197265625,32.05099868774414,1241.6444212339818,18.888503548798205
2024-10-23,196.0209197998047,1029.8045654296875,32.013999938964844,1255.082742901356,21.875818483837346
2024-10-24,193.1614990234375,1029.8045654296875,32.00400161743164,1236.3881854343228,20.060468455821812
2024-10-25,198.53875732421875,1034.662109375,31.983800888061523,1270.0048165641958,22.74585152551468
2024-10-28,189.9897918701172,1020.0894775390625,32.06380081176758,1218.3589685585234,19.43648036619107
2024-10-29,192.1953582763672,1010.3743896484375,32.01380157470703,1230.5808126878692,21.794537281972588
2024-10-30,189.79461669921875,1000.6591796875,32.00299835205078,1214.7993610906415,21.399911753172162
2024-11-01,188.30148315429688,995.8016357421875,31.86280059814453,1199.9625220160467,20.502164180689935
2024-11-04,186.94497680664062,1010.3743896484375,31.922800064086914,1193.561423516751,18.130609380553857
2024-11-05,191.0437774658203,1020.0894775390625,31.91200065612793,1219.3178303676832,19.5304781801351
2024-11-06,188.56495666503906,1029.8045654296875,31.82229995727539,1200.1141224851017,16.538046418968076
2024-11-07,196.34295654296875,1034.662109375,32.334598541259766,1269.7341352441813,22.719690200231586
2024-11-08,196.3527069091797,1058.949951171875,32.034000396728516,1257.9925382054762,18.796222315637575
2024-11-11,189.37498474121094,1054.092529296875,32.23500061035156,1220.9005497436503,15.824798659567719
2024-11-12,187.14991760253906,1020.0894775390625,32.37480163574219,1211.7882917055395,18.792352865843203
2024-11-13,182.16302490234375,1005.5167236328125,32.414798736572266,1180.9555578909349,17.44762967484844
2024-11-14,183.9586944580078,1005.5167236328125,32.40800094604492,1192.3467088056611,18.580495061072092
2024-11-15,181.52865600585938,1005.5167236328125,32.537200927734375,1181.2868709208444,17.480579204391077
2024-11-18,182.96324157714844,995.8016357421875,32.46179962158203,1187.8632172384996,19.287132557596717
2024-11-19,185.1005096435547,1010.3743896484375,32.442298889160156,1201.0172116784145,18.868532692748836
2024-11-20,183.82205200195312,995.8016357421875,32.32550048828125,1188.4279663491993,19.343845570553235
2024-11-21,186.63267517089844,981.2289428710938,32.471500396728516,1212.0485971708665,23.523526897238707
2024-11-22,185.50059509277344,1010.3743896484375,32.50529861450195,1205.950447331683,19.3567908774189
2024-11-25,180.62107849121094,1000.6591796875,32.56850051879883,1176.5115377094014,17.573651608014938
2024-11-26,179.4109344482422,981.2289428710938,32.332000732421875,1160.1428927970119,18.233660067385767
2024-11-27,176.82479858398438,971.5137939453125,32.404998779296875,1146.001476452686,17.96039166863291
2024-11-29,180.2112274169922,967.627685546875,32.494300842285156,1171.1675677690423,21.034937844624864
2024-12-02,189.716552734375,1005.5167236328125,32.43899917602539,1230.8430195657536,22.409005304144912
2024-12-03,194.09837341308594,1024.947021484375,32.59149932861328,1265.1914013555042,23.439687597042465
2024-12-04,195.85499572753906,1039.519775390625,32.4640007019043,1271.6473437540583,22.330269597440385
2024-12-05,199.37803649902344,1044.377197265625,32.3129997253418,1288.5004877264262,23.375011547548304
2024-12-06,198.12887573242188,1034.662109375,32.32279968261719,1280.815992328245,23.79075069270076
2024-12-09,194.3716278076172,1044.377197265625,32.38800048828125,1259.0616752682254,20.556220354550494
2024-12-10,187.31581115722656,1034.662109375,32.37080001831055,1212.7125326476407,17.208557427525225
2024-12-11,189.9117431640625,1015.23193359375,32.523799896240234,1235.3303065228276,21.679614839336907
2024-12-12,187.44070434570312,1033.7611083984375,32.485801696777344,1217.8323102557565,17.805970872950788
2024-12-13,196.77066040039062,1038.6375732421875,32.465999603271484,1277.67123649891,23.014155217836045
2024-12-16,197.97482299804688,1058.142333984375,32.49829864501953,1286.7689843970818,21.60641749884688
2024-12-17,196.44757080078125,1048.389892578125,32.41699981689453,1273.6481733356602,21.486117173792685
2024-12-18,191.4546356201172,1058.142333984375,32.4297981262207,1241.767036697909,17.353497428092258
2024-12-19,190.55397033691406,1043.5135498046875,32.678001403808594,1245.3845820341958,19.345319691085187
2024-12-20,193.0699920654297,1009.3800048828125,32.630001068115234,1259.974809463194,24.82660676535546
2024-12-23,203.00692749023438,1053.2662353515625,32.61600112915039,1324.254835249367,25.72840472830244
2024-12-24,201.99855041503906,1053.2662353515625,32.608001708984375,1317.353815429192,25.07320288203121
2024-12-26,198.79718017578125,1058.142333984375,32.70790100097656,1300.4476976925507,22.899127643422847
2024-12-27,197.397216796875,1063.0185546875,32.721500396728516,1291.82662154641,21.52437187948932
2024-12-30,196.18324279785156,1063.0185546875,32.80849838256836,1287.2955208040657,21.09812337024516
2024-12-31,193.34413146972656,1048.389892578125,32.7599983215332,1266.7906844853076,20.832019981622203
2025-01-02,197.3482666015625,1038.6375732421875,32.80099868774414,1294.6440467652865,24.648296972730822
2025-01-03,204.23069763183594,1048.389892578125,32.86980056762695,1342.604460189154,28.063468533401988
2025-01-06,215.39134216308594,1097.15234375,32.91230010986328,1417.8048988675466,29.22589164067915
2025-01-07,206.98170471191406,1102.0283203125,32.735801696777344,1355.1424080620288,22.96802024813244
2025-01-08,202.77195739746094,1077.647216796875,32.7244987487793,1327.122133228148,23.149961559107922
2025-01-10,203.9957275390625,1072.77099609375,32.83100128173828,1339.4767984608188,24.861391978177725
2025-01-13,197.1328887939453,1048.389892578125,33.09629821777344,1304.8737752111165,24.464551256047002
2025-01-14,197.22097778320312,1063.0185546875,33.054500579833984,1303.8081848980626,22.651498334509174
2025-01-15,202.45870971679688,1038.6375732421875,32.95240020751953,1334.3000856171827,28.466379417804216
2025-01-16,210.28094482421875,1077.647216796875,32.79600143432617,1379.2748336133081,27.98945815616454
2025-01-17,207.06002807617188,1092.27587890625,32.84299850463867,1360.0944384952309,24.519314649441938
2025-01-21,214.10885620117188,1092.27587890625,32.316001892089844,1383.8284404220526,26.692209097187853
2025-01-22,218.51438903808594,1106.9046630859375,32.58399963378906,1424.0145544789266,28.648347230638542
2025-02-03,195.6056365966797,1043.5135498046875,32.827999114990234,1284.2683330165805,23.071553144370252
2025-02-04,199.76641845703125,1067.8948974609375,32.98699951171875,1317.9389496199785,23.414668686361747
2025-02-05,204.1915283203125,1082.5234375,32.8916015625,1343.237278389931,24.083898034764808
2025-02-06,206.0810089111328,1087.399658203125,32.821800231933594,1352.7899412153056,24.40595608156849
2025-02-07,201.79295349121094,1097.15234375,32.79600143432617,1323.6003984269337,20.63961818674588
2025-02-10,203.58453369140625,1077.647216796875,32.82789993286133,1336.6505399799441,24.034147645545165
2025-02-11,204.35797119140625,1082.5234375,32.86539840698242,1343.2612281696404,24.086110437644948
2025-02-12,202.04750061035156,1072.77099609375,32.80329895019531,1325.5649129322264,23.564574150398137
2025-02-13,197.593017578125,1063.0185546875,32.85580062866211,1298.4153582325207,22.14418577239428
2025-02-14,199.61956787109375,1033.7611083984375,32.615299224853516,1302.1303874503355,25.960473543802713
2025-02-18,198.4839324951172,1072.77099609375,32.706600189208984,1298.3469248199488,21.02740748468982
2025-02-19,196.73147583007812,1063.0185546875,32.72129821777344,1287.4618578917346,21.11377098871196
2025-02-20,195.8993377685547,1053.2662353515625,32.74620056152344,1282.991800887743,21.81077849319854
2025-02-21,194.07838439941406,1067.8948974609375,32.69329833984375,1269.0125044969843,18.83308998986986
2025-02-24,187.62672424316406,1048.389892578125,32.77299880981445,1229.81808206212,17.305411924359547
2025-02-25,185.3945770263672,1028.8848876953125,32.69969940185547,1212.4693878992693,17.843055369895026
2025-02-26,190.5343780517578,1033.7611083984375,32.77830123901367,1249.0786480337265,20.82855873431642
2025-02-27,177.2884063720703,1014.2562866210938,32.750301361083984,1161.249747302325,14.492733505347758
2025-03-03,169.3388671875,994.7514038085938,32.904998779296875,1114.4190436184406,12.02990408977325
2025-03-04,176.2212677001953,975.2463989257812,32.88890075683594,1159.1447569271083,18.856604669741746
2025-03-05,180.41143798828125,994.7514038085938,32.7947998046875,1183.3113982602954,18.95548915334666
2025-03-06,172.15838623046875,980.1226196289062,32.80110168457031,1129.396946519427,15.230168542282904
2025-03-07,173.38217163085938,980.1226196289062,32.8578987121582,1139.3947667881612,16.250226652207914
2025-03-10,167.06753540039062,973.2958374023438,32.82699966430664,1096.8651857010323,12.695970079198753
2025-03-11,167.38087463378906,946.9642944335938,32.866600036621094,1100.2480520737124,16.186857154081196
2025-03-12,173.45068359375,963.5435180664062,32.86880111694336,1140.2232045281678,18.33645114611056
2025-03-13,167.9878387451172,941.1128540039062,32.90629959106445,1105.5716298804502,17.47492611293793
2025-03-14,170.43533325195312,935.2613525390625,32.96839904785156,1123.796015700791,20.15850036461911
2025-03-17,172.5402374267578,945.989013671875,32.92599868774414,1136.211926219298,20.108363817997105
2025-03-18,170.15589904785156,951.3779296875,32.95640182495117,1121.5452363813645,17.88640469616102
2025-03-19,170.7750701904297,932.7618408203125,32.97919845581055,1126.4049862230313,20.760191608226634
2025-03-20,174.42135620117188,965.0950317382812,33.003299713134766,1151.2960590157425,19.293543242273785
2025-03-21,173.6940460205078,952.3577270507812,32.987300872802734,1145.9395511785872,20.32658722970427
2025-03-24,178.04795837402344,952.3577270507812,32.974998474121094,1174.2262311407599,23.29676105816362
2025-03-25,177.79241943359375,969.9940185546875,33.01129913330078,1173.8317483111284,21.01432852752676
2025-03-26,170.51954650878906,960.1961059570312,33.0452995300293,1126.973898021539,17.369138557199182
2025-03-27,165.34991455078125,938.640625,33.0885009765625,1094.2361618176103,16.57668895564906
2025-03-28,162.4112548828125,932.7618408203125,33.11140060424805,1075.5328246126883,15.306263350869562
2025-03-31,163.14837646484375,891.610595703125,33.18579864501953,1082.8418341248296,21.4478427402379
2025-04-01,165.74302673339844,924.9235229492188,33.23910140991211,1101.829854715441,19.126590185763376
2025-04-02,167.46298217773438,922.9639892578125,33.20349884033203,1112.0713869073893,20.489141488785997
2025-04-07,143.65902709960938,830.8634643554688,33.162498474121094,952.8184533969034,14.678102272319743
2025-04-08,138.94149780273438,799.5101928710938,32.980098724365234,916.460862889071,14.627789746869855
2025-04-09,156.02293395996094,769.13671875,33.0806999206543,1032.2695718139062,34.211453783086746
2025-04-10,148.53382873535156,845.5603637695312,32.58810043334961,968.0870657155174,14.490591943046946
2025-04-11,154.381591796875,871.0350341796875,32.78630065917969,1012.3202569790184,16.22038348117521
2025-04-14,153.16290283203125,847.5199584960938,32.36199951171875,991.3315573327244,16.968520610632144
2025-04-15,154.62733459472656,859.2775268554688,32.3568000793457,1000.6491504567325,16.452382284291094
2025-04-16,149.06454467773438,837.7221069335938,32.50400161743164,969.0388402613579,15.67545278331465
2025-04-17,149.1333465576172,829.8836669921875,32.37879943847656,965.7517435555812,16.371942474278484
2025-04-22,148.7991943359375,799.5101928710938,32.44060134887695,965.4270688972437,20.752315293233657
2025-04-23,155.0990753173828,855.3583374023438,32.57360076904297,1010.4270718072308,18.129096031941266
2025-04-24,161.3596649169922,846.5402221679688,32.532798767089844,1049.8963015739107,24.022022117880237
2025-04-25,162.2638397216797,870.05517578125,32.43560028076172,1052.6250090467977,20.98370751045903
2025-04-28,160.59303283691406,878.8733520507812,32.51900100708008,1044.4649993107305,18.841354886179477
2025-04-29,161.65447998046875,883.7723388671875,32.425899505615234,1048.358384495834,18.623127064557316
2025-04-30,163.82652282714844,889.6510620117188,32.32170104980469,1059.030378969619,19.038848396908808
2025-05-02,176.20025634765625,930.80224609375,32.11159896850586,1131.6143939967733,21.574093610727875
2025-05-05,173.36972045898438,919.0447998046875,30.704299926757812,1064.6391790381633,15.841924056848706
2025-05-06,169.32049560546875,901.4085083007812,29.15999984741211,987.4771252038423,9.548236577587502
2025-05-07,171.5416717529297,909.2468872070312,29.97760009765625,1028.4815271785483,13.113560425570956
2025-05-08,172.20999145507812,899.4489135742188,30.39069938659668,1046.7164163359323,16.373081398976158
2025-05-09,173.4876708984375,929.822509765625,30.268999099731445,1050.2596308478621,12.95270009247195
2025-05-12,183.7679901123047,937.6608276367188,30.246400833129883,1111.6640578470833,18.55716108445337
2025-05-13,190.65756225585938,949.4183349609375,30.39310073852539,1158.934899240802,22.067886890817707
2025-05-14,191.41432189941406,978.8121948242188,30.424999237060547,1164.7561195504268,18.99689498245381
2025-05-15,190.88360595703125,972.933349609375,30.33970069885254,1158.2702946108068,19.049295111103252
2025-05-16,190.88360595703125,977.8323364257812,30.16699981689453,1151.677141190786,17.778590284756834
2025-05-19,190.1759796142578,964.1151733398438,30.202600479125977,1148.761826603167,19.151928977912334
2025-05-20,190.12681579589844,958.2364501953125,30.14579963684082,1146.3049789147394,19.626526279718735
2025-05-21,188.46585083007812,969.9940185546875,30.146299362182617,1136.3095917343978,17.146041109359025
2025-05-22,192.81976318359375,962.1557006835938,30.0221004486084,1157.7708597549472,20.3309255385976
2025-05-23,188.6820831298828,964.1151733398438,30.046899795532227,1133.862329003174,17.606522577100396
2025-05-27,194.28414916992188,945.4991455078125,29.915000915527344,1162.4021000581329,22.940576475489596
2025-05-28,192.7706298828125,947.458740234375,29.964799880981445,1155.2666694738436,21.9331903770356
2025-05-29,193.76327514648438,947.458740234375,29.950000762939453,1160.6420476933708,22.500537322212068
2025-06-02,191.49295043945312,926.8831787109375,29.871000289916992,1144.0171956187928,23.42625499038988
2025-06-03,194.21539306640625,930.80224609375,29.987300872802734,1164.799085202394,25.13926455277118
2025-06-04,198.92306518554688,969.9940185546875,29.965900421142578,1192.1817525637102,22.906093208707347
2025-06-05,199.846923828125,977.8323364257812,29.941999435424805,1196.7632960866206,22.38941703043756
2025-06-06,201.65530395507812,974.8928833007812,29.94529914855957,1207.7256803657044,23.882910733392627
2025-06-09,203.44407653808594,984.6907348632812,29.917699813842773,1217.3157621541818,23.624171433196153
2025-06-10,208.81027221679688,1023.882568359375,29.913799285888672,1249.2617143850075,22.01220657431157
2025-06-11,210.422119140625,1043.4781494140625,29.888900756835938,1257.8571672074495,20.544658066272483
2025-06-12,212.50344848632812,1028.2271728515625,29.8075008392334,1266.8393438192434,23.206172455639578
2025-06-13,208.23226928710938,1013.4678955078125,29.52519989013672,1229.6198748557363,21.327955261929414
2025-06-16,212.7500457763672,1008.5481567382812,29.5049991607666,1255.437984416954,24.479726231133323
2025-06-17,210.99423217773438,1028.2271728515625,29.0049991607666,1223.977505448356,19.037654106526173
2025-06-18,210.5996551513672,1038.066650390625,29.6471004486084,1248.7338261429743,20.294185895777996
2025-06-20,206.66384887695312,1038.066650390625,29.571300506591797,1222.2637557978508,17.744246512294012
2025-06-23,207.46287536621094,1003.6283569335938,29.533000946044922,1225.4002588919013,22.09701434063619
2025-06-24,217.10012817382812,1033.1468505859375,29.673900604248047,1288.4415249199374,24.710395641162958
2025-06-25,219.7141571044922,1052.825927734375,29.458099365234375,1294.4722943865693,22.952167142407323
2025-06-26,220.96688842773438,1057.74560546875,29.341899871826172,1296.7176630471135,22.592583353013392
2025-06-27,225.46495056152344,1062.6654052734375,28.819000244140625,1299.5348930555397,22.29012882198349
2025-06-30,223.41319274902344,1042.9864501953125,29.094999313354492,1300.0413379254344,24.64604287831209
2025-07-01,221.62777709960938,1067.5850830078125,29.206600189208984,1294.5987753142836,21.26422483038851
2025-07-02,230.42662048339844,1067.5850830078125,29.225900650024414,1346.8851034737365,26.161851164033184
2025-07-03,231.6103057861328,1072.5048828125,28.96809959411621,1341.8620810072812,25.114775933553616
2025-07-07,226.0567626953125,1062.6654052734375,28.900999069213867,1306.6532576493455,22.959988267720714
2025-07-08,224.76458740234375,1062.6654052734375,29.068300247192383,1306.7049023095285,22.964848185049977
2025-07-09,228.69052124023438,1072.5048828125,29.107099533081055,1331.3035528023377,24.13030226129814
2025-07-10,226.63876342773438,1082.3443603515625,29.20560073852539,1323.8242473087041,22.310818608479206
2025-07-11,227.2700653076172,1082.3443603515625,29.243000030517578,1329.2117053452764,22.808576829792646
2025-07-14,225.56356811523438,1077.424560546875,29.21299934387207,1317.877673470357,22.31739666315326
2025-07-15,233.73109436035156,1092.183837890625,29.346099853515625,1371.819206794072,25.603324202591853
2025-07-16,234.3328094482422,1111.8629150390625,29.388099670410156,1377.3191920224344,23.87491060209035
2025-07-17,242.2635955810547,1111.8629150390625,29.400999069213867,1424.5583496365987,28.123560051155266
2025-07-18,237.13421630859375,1136.461669921875,29.403200149536133,1394.5009648849955,22.70549916398493
2025-07-21,235.60528564453125,1131.5418701171875,29.378000259399414,1384.3224285561826,22.33947899893585
2025-07-22,231.41302490234375,1111.8629150390625,29.333599090576172,1357.6353793645742,22.104565320166028
2025-07-23,237.065185546875,1126.6221923828125,29.39900016784668,1393.8958859366364,23.723453644077303
2025-07-24,238.31793212890625,1126.6221923828125,29.23419952392578,1393.4067955971695,23.680041545258934
2025-07-25,242.2635955810547,1126.6221923828125,29.391000747680664,1424.073903771717,26.402081673874388
2025-07-28,239.45230102539062,1126.6221923828125,29.472000122070312,1411.427649010066,25.279588716860644
2025-07-29,238.0515899658203,1116.78271484375,29.656999588012695,1411.9791811084199,26.432757450581697
2025-07-30,239.61013793945312,1136.461669921875,29.68950080871582,1422.7810768259806,25.19393433865555
2025-07-31,238.33763122558594,1141.3814697265625,29.827999114990234,1421.8269306531292,24.570703867634393
2025-08-04,235.75326538085938,1116.78271484375,29.815000534057617,1405.79674664723,25.879164134799154
2025-08-05,229.31195068359375,1131.5418701171875,29.88409996032715,1370.556251265225,21.12289323622502
2025-08-06,228.22689819335938,1106.9432373046875,29.937400817871094,1366.504025726812,23.44842803811087
2025-08-07,239.32406616210938,1161.0604248046875,29.91469955444336,1431.8615070774451,23.32359939994609
2025-08-08,238.5447998046875,1156.140625,29.8080997467041,1422.1134373271373,23.00523020952899
2025-08-11,238.80126953125,1161.0604248046875,29.85099983215332,1425.6913313390687,22.792173506292507
2025-08-12,240.97137451171875,1161.0604248046875,29.947999954223633,1443.3221425692318,24.310682866658393
2025-08-13,238.16009521484375,1180.7393798828125,29.87809944152832,1423.154201566591,20.53076452043447
2025-08-14,237.72607421875,1156.140625,29.939699172973633,1423.4894295362756,23.12424619939945
2025-08-15,235.63490295410156,1161.0604248046875,30.07900047302246,1417.5324714834044,22.08946590543385
2025-08-18,238.13050842285156,1161.0604248046875,29.98900032043457,1428.2591786796286,23.013337477236725
2025-08-19,229.538818359375,1165.9801025390625,30.025100708007812,1378.3852275274694,18.216873900838365
2025-08-20,225.49453735351562,1116.78271484375,30.1072998046875,1357.8063280843198,21.581961292648735
2025-08-21,224.24180603027344,1131.5418701171875,30.280099868774414,1358.012856270204,20.014370845116165
2025-08-22,229.82489013671875,1116.78271484375,30.516000747680664,1402.6673038495471,25.59894464750876
2025-08-25,232.3895721435547,1151.2208251953125,30.367300033569336,1411.4087723912264,22.60104590722386
2025-08-26,235.47706604003906,1156.140625,30.444000244140625,1433.7727712024935,24.0137004270128
2025-08-27,236.03929138183594,1170.8997802734375,30.546600341796875,1442.0395797603765,23.1565334672469
2025-08-28,235.0331573486328,1141.3814697265625,30.575000762939453,1437.2277930501034,25.92002158528261
2025-08-29,227.7336883544922,1141.3814697265625,30.492799758911133,1388.8475514703605,21.681277321164387
2025-09-02,225.28736877441406,1141.3814697265625,30.62529945373535,1379.8986263721076,20.89723400737231
2025-09-03,228.2466278076172,1141.3814697265625,30.743999481201172,1403.44284138066,22.96001631399174
2025-09-04,232.01473999023438,1141.3814697265625,30.722000122070312,1425.5913740604185,24.90051852707433
2025-09-05,240.1033477783203,1161.0604248046875,30.694000244140625,1473.946443065349,26.948297571445945
2025-09-08,243.8319854736328,1161.0604248046875,30.479000091552734,1486.3510215148679,28.016681109848392
2025-09-09,247.5113067626953,1180.7393798828125,30.331100463867188,1501.4580622724725,27.162529500920947
2025-09-10,256.9020080566406,1205.3380126953125,30.351600646972656,1559.4774307881016,29.380921730069847
2025-09-11,255.3927764892578,1220.0972900390625,30.236799240112305,1544.4520220161126,26.58433344825031
2025-09-12,255.8070526123047,1239.7762451171875,30.290000915527344,1549.6791715650122,24.996682076170263
2025-09-15,257.8292541503906,1234.8565673828125,30.284900665283203,1561.6666701097274,26.465430185107643
2025-09-16,259.31549072265625,1264.4930419921875,30.19409942626953,1565.9595419303514,23.840898283094425
2025-09-17,260.037841796875,1249.6749267578125,30.047199249267578,1562.6817689640447,25.047061079980608
2025-09-18,265.82659912109375,1269.4326171875,30.08639907836914,1599.5530293605755,26.005351343852812
2025-09-19,262.0960693359375,1249.6749267578125,30.11050033569336,1578.3687567447312,26.302346550209666
2025-09-22,269.7747802734375,1279.3114013671875,30.215999603271484,1630.3029307429679,27.435972899223692
2025-09-23,279.7492370605469,1323.7662353515625,30.21769905090332,1690.6756510430832,27.71708522948373
2025-09-24,277.7701721191406,1323.7662353515625,30.27400016784668,1681.8428474715329,27.049837241457762
2025-09-25,273.7626037597656,1304.008544921875,30.364099502563477,1662.5109881284764,27.492338497527236
2025-09-26,270.4971618652344,1284.2508544921875,30.561500549316406,1653.3598321865777,28.741189963260066
2025-09-30,276.3650817871094,1289.1903076171875,30.458200454711914,1683.516611950926,30.587129146399842
2025-10-01,285.4488830566406,1308.947998046875,30.442100524902344,1737.9327185462696,32.77324394395324
2025-10-02,285.0926513671875,1348.46337890625,30.44700050354004,1736.0432199464644,28.742333466599863
2025-10-03,289.12994384765625,1383.039306640625,30.46380043029785,1761.5993815596448,27.371606367322617
2025-10-07,290.9506530761719,1417.6153564453125,30.510499954223633,1775.4099774723757,25.239189135495643
2025-10-08,301.330810546875,1397.857666015625,30.536699295043945,1840.3296700003557,31.653580671480526
2025-10-09,296.7394104003906,1422.5546875,30.524999618530273,1811.5940778549643,27.34793915295185
2025-10-13,299.7179260253906,1397.857666015625,30.665000915527344,1838.1700951937119,31.4990889189118
2025-10-14,292.8406677246094,1407.736572265625,30.69099998474121,1797.5145857335185,27.688277845945354
2025-10-15,301.5188293457031,1447.2520751953125,30.683900833129883,1850.3547717929935,27.852970709562165
2025-10-16,296.6997985839844,1467.0096435546875,30.609800338745117,1816.3843190403306,23.815431413189554
2025-10-17,291.9896545410156,1432.4337158203125,30.611900329589844,1787.671640416188,24.79960647899447
2025-10-20,294.5822448730469,1462.0701904296875,30.62190055847168,1804.133641758759,23.395829664548636
2025-10-21,291.4256286621094,1462.0701904296875,30.597299575805664,1783.3674528484116,21.97550189599982
2025-10-22,285.8546447753906,1442.3126220703125,30.67729949951172,1753.8497102202382,21.599830950847654
2025-10-23,287.68524169921875,1432.4337158203125,30.745100021362305,1768.982306142454,23.49488053828795
2025-10-27,295.12646484375,1462.0701904296875,30.83329963684082,1819.9445442577824,24.477234825704176
2025-10-28,298.3721618652344,1457.1307373046875,30.60110092163086,1826.1033274886431,25.321858961431204
2025-10-29,301.89483642578125,1486.767333984375,30.543100357055664,1844.1608572459081,24.038295373611504
2025-10-30,300.04443359375,1486.767333984375,30.665199279785156,1840.1844697885215,23.77084347535582
2025-10-31,297.28363037109375,1481.827880859375,30.73069953918457,1827.1467845704174,23.30357716786765
2025-11-03,301.6672058105469,1491.7066650390625,30.78179931640625,1857.171877920255,24.499804247480668
2025-11-04,290.9704895019531,1486.767333984375,30.903099060058594,1798.3779721265194,20.958937623889117
2025-11-05,290.5647277832031,1442.3126220703125,30.91900062561035,1796.7942000218318,24.57730540017685
2025-11-06,286.2108154296875,1447.2520751953125,30.892900466918945,1768.376446725009,22.188558374418594
2025-11-07,283.4995422363281,1442.3126220703125,30.97879981994629,1756.4951135971235,21.78324495807502
2025-11-10,292.17767333984375,1457.1307373046875,30.966800689697266,1809.5615552588833,24.186629856295603
2025-11-11,288.12066650390625,1447.2520751953125,30.966800689697266,1784.4350508418402,23.298151125540688
2025-11-12,287.57635498046875,1457.1307373046875,30.96430015563965,1780.9201146560022,22.22102444631981
2025-11-13,279.24462890625,1442.3126220703125,31.06410026550293,1734.8966301893815,20.285755226844685
2025-11-14,281.83709716796875,1412.6759033203125,31.124900817871094,1754.4303392299453,24.1919916030551
2025-11-17,279.0565490722656,1427.494384765625,30.554500579833984,1705.2866980870022,19.46013352388681
2025-11-18,274.99951171875,1387.9788818359375,31.174999237060547,1714.621913604811,23.53371769870224
2025-11-19,279.4128112792969,1378.0999755859375,31.103200912475586,1738.126561347919,26.124852488217066
2025-11-20,274.59375,1437.3731689453125,31.183000564575195,1712.531412255764,19.143132017160983
2025-11-21,272.1793518066406,1368.2210693359375,31.352100372314453,1706.6788714226568,24.73706988381555
2025-11-24,281.6590270996094,1358.34228515625,31.338600158691406,1765.3599262721373,29.964291442864717
2025-11-25,281.6986083984375,1397.857666015625,31.42609977722168,1770.5377149267588,26.6608008792054
2025-11-26,286.9233093261719,1422.5546875,31.388099670410156,1801.1954861787615,26.616959053024914
2025-11-28,288.45709228515625,1422.5546875,31.314699172973633,1806.5894138440722,26.996130955005704
2025-12-01,284.6671447753906,1392.918212890625,31.37689971923828,1786.3944909958636,28.248340388103983
2025-12-02,289.0309753417969,1412.6759033203125,31.395999908447266,1814.8832950738956,28.47131396580394
2025-12-03,292.3558349609375,1432.4337158203125,31.402000427246094,1836.1116108702495,28.18126176391782
2025-12-04,289.8622131347656,1427.494384765625,31.314699172973633,1815.3896011855104,27.17315182178965
2025-12-05,291.6334533691406,1442.3126220703125,31.364999771118164,1829.416639634699,26.839120149190187
2025-12-08,298.7085876464844,1476.8885498046875,31.27400016784668,1868.3624840386794,26.506667296307683
2025-12-09,300.2324523925781,1462.0701904296875,31.16469955444336,1871.3308350616833,27.99186026162795
2025-12-10,306.8919677734375,1486.767333984375,31.150999069213867,1911.9982804919127,28.601041789636643
2025-12-11,302.4717102050781,1457.031982421875,31.07699966430664,1879.9826473010937,29.02823479387125
2025-12-12,289.76165771484375,1466.9437255859375,31.180099487304688,1806.9594630310312,23.178512680115393
2025-12-15,285.4952087402344,1437.20849609375,31.320100784301758,1788.3477422358817,24.43203245016349
2025-12-16,284.6319885253906,1422.340576171875,31.328699111938477,1783.4299852289375,25.386986429713488
2025-12-17,274.7992858886719,1417.384765625,31.4689998626709,1729.5317379785354,22.0227407492907
2025-12-18,282.4590759277344,1417.384765625,31.632099151611328,1786.9546992037212,26.074072654206798
2025-12-19,286.6957702636719,1417.384765625,31.51409912109375,1806.9917843375354,27.487738556350084
2025-12-22,290.9919738769531,1452.076171875,31.5039005279541,1833.47643989051,26.265858183116187
2025-12-23,294.63336181640625,1476.8555908203125,31.53219985961914,1858.0876100212802,25.813764160192136
2025-12-24,296.4689025878906,1481.8115234375,31.489500045776367,1867.1315043225304,26.003305736964897
2025-12-26,300.4773864746094,1496.6790771484375,31.570199966430664,1897.2262352787775,26.762394440195315
2025-12-29,298.5723876953125,1516.502685546875,31.3799991607666,1873.8402550613973,23.56326651578996
2025-12-30,297.2427978515625,1506.5909423828125,31.317800521850586,1861.7981299343983,23.576883250724503
2025-12-31,301.51922607421875,1536.3262939453125,31.243600845336914,1884.1092693315586,22.637311927607083
2026-01-02,317.1165466308594,1571.017578125,31.303499221801758,1985.3715141359135,26.374875862652182
2026-01-05,319.7359619140625,1655.267578125,31.358699798583984,2005.3008088949136,21.146625197988403
2026-01-06,324.87554931640625,1689.9588623046875,31.474599838256836,2045.0655823935522,21.01274344658228
2026-01-07,316.1938171386719,1660.223388671875,31.49209976196289,1991.5214466893813,19.955028960442124
2026-01-08,315.529052734375,1670.13525390625,31.449100494384766,1984.6209776682779,18.82995541986691
2026-01-09,321.1051940917969,1665.1793212890625,31.5447998046875,2025.8398127742112,21.65895809983703
2026-01-12,329.18170166015625,1675.0911865234375,31.593299865722656,2079.987242171634,24.1715829505698
2026-01-13,328.6260681152344,1694.9146728515625,31.569900512695312,2074.9384552552365,22.421410852754814
2026-01-14,324.55804443359375,1694.9146728515625,31.616899490356445,2052.303813928715,21.08596655640918
2026-01-15,338.9747314453125,1675.0911865234375,31.510700225830078,2136.2662293408994,27.53133957886831
2026-01-16,339.728759765625,1724.6500244140625,31.564199447631836,2144.6532662677578,24.35295485508072
2026-01-20,324.607666015625,1759.34130859375,31.548999786376953,2048.2094371566545,16.419106807297002
2026-01-21,323.5757751464844,1724.6500244140625,31.682300567626953,2050.3249929187587,18.883539494648595
2026-01-22,324.8160400390625,1744.4737548828125,31.639999389648438,2055.435861716792,17.825553750154793
2026-01-23,332.25750732421875,1754.385498046875,31.583999633789062,2098.804197930358,19.63187111766017
2026-01-26,330.1143798828125,1739.5177001953125,31.370800018310547,2071.1904388944617,19.066936695263816
2026-01-27,335.700439453125,1764.29736328125,31.440500259399414,2110.9179507412946,19.64638131156064
2026-01-28,339.6295471191406,1803.9443359375,31.110300064086914,2113.1954243012824,17.143050492357144
2026-01-29,336.9010009765625,1789.07666015625,31.26959991455078,2106.951902269758,17.767558494991846
2026-01-30,327.98114013671875,1759.34130859375,31.3617000579834,2057.209228328639,16.93065002679759
2026-02-02,338.6968688964844,1749.4295654296875,31.58300018310547,2139.412654474983,22.29201430864748
2026-02-03,333.1306457519531,1784.120849609375,31.57710075378418,2103.859993016522,17.921383715523103
2026-02-04,323.19873046875,1769.253173828125,31.573200225830078,2040.8836459647866,15.35283226588403
2026-02-05,328.1498107910156,1749.4295654296875,31.657100677490234,2077.654319502111,18.761815883213693
2026-02-06,346.12847900390625,1764.29736328125,31.648799896240234,2190.9101940769237,24.180324681903784
2026-02-09,352.63726806640625,1798.9884033203125,31.575000762939453,2226.9044016475323,23.78647897548613
2026-02-10,359.0865478515625,1863.4150390625,31.561199188232422,2266.6404125115837,21.63905329710926
2026-02-11,371.1715393066406,1898.106201171875,31.478700637817383,2336.7995542223216,23.112160572448527
2026-02-23,367.15313720703125,1883.2386474609375,31.51099967956543,2313.8724777764405,22.86666275121859
2026-02-24,382.7405700683594,1947.6651611328125,31.434799194335938,2406.2745927249084,23.546626018886982
2026-02-25,384.70513916015625,1997.2239990234375,31.377099990844727,2414.1863236840118,20.877093649207705
2026-02-26,373.8703308105469,1977.4005126953125,31.269100189208984,2338.1177663775393,18.24199252333297
2026-03-02,366.2303466796875,1957.5770263671875,31.375,2298.0954254150392,17.39489146334004
2026-03-03,350.37506103515625,1917.9298095703125,31.53499984741211,2209.815499256132,15.218788937391453
2026-03-04,354.6514587402344,1848.54736328125,31.733999252319336,2250.901825299312,21.765980683549575
2026-03-05,351.099365234375,1883.2386474609375,31.6299991607666,2221.0545255417933,17.938028116421332
2026-03-06,336.24615478515625,1873.326904296875,31.905899047851562,2145.647173960693,14.53671908726627
2026-03-09,345.9796447753906,1794.0325927734375,31.80229949951172,2200.58965677633,22.661631992671108
2026-03-10,344.3821716308594,1833.6796875,31.802000045776367,2190.408367593831,19.45425269885534
2026-03-11,351.79388427734375,1922.8857421875,31.77389907836914,2235.5726750831586,16.261337116158646
2026-03-12,334.0831604003906,1868.3709716796875,31.811500549316406,2125.537328118877,13.764202095689493
2026-03-13,335.670654296875,1848.54736328125,31.89579963684082,2141.2967866840772,15.836728299089106
2026-03-16,337.5757141113281,1828.723876953125,32.16310119628906,2171.4963708744385,18.743808086129107
2026-03-17,344.2481384277344,1859.550537109375,31.94499969482422,2199.401335403556,18.27596462220761
2026-03-18,337.8702392578125,1894.35498046875,31.885000228881836,2154.598531213542,13.737844988292322
2026-03-19,337.0941467285156,1839.662353515625,32.03120040893555,2159.506034108042,17.385999119957557
2026-03-20,327.5919189453125,1829.71826171875,31.802099227905273,2083.622142511746,13.876665391888848
2026-03-23,336.7558288574219,1799.8858642578125,32.02170181274414,2156.6989470751723,19.824206073449695
2026-03-24,341.5318298339844,1799.8858642578125,31.86199951171875,2176.3773990813643,20.917522732965015
2026-03-25,346.00927734375,1834.6903076171875,31.925800323486328,2209.324619710073,20.419484996323085
2026-03-26,324.4775695800781,1829.71826171875,31.93589973449707,2072.4966256405346,13.268620038460469
2026-03-27,325.10443115234375,1809.8299560546875,31.93000030517578,2076.116917181667,14.713369078466782
2026-03-30,314.91571044921875,1770.0535888671875,31.976999282836914,2014.0118894377492,13.782537551684637
2026-03-31,336.2583312988281,1750.165283203125,32.03900146484375,2154.6762338098138,23.112728522780383
2026-04-01,339.7806091308594,1844.6343994140625,31.93790054321289,2170.375860186736,17.658862963638953
2026-04-02,337.3428955078125,1799.8858642578125,32.00199890136719,2159.1293942850084,19.95923948073957
2026-04-07,343.5914611816406,1849.6064453125,31.913999557495117,2193.075548021996,18.569847849522667
2026-04-08,364.06842041015625,1939.103515625,31.893999099731445,2322.3195745604344,19.76253747402023
2026-04-09,363.66046142578125,1944.0755615234375,31.720399856567383,2307.091049689916,18.672910423399816
2026-04-10,368.7449035644531,1988.8240966796875,31.725799560546875,2339.7453798918054,17.64466167711744
2026-04-13,367.7200622558594,1978.8800048828125,31.767000198364258,2336.2726581248808,18.060349913093024
2026-04-14,377.9884033203125,2043.516845703125,31.641199111938477,2392.0012662923427,17.053170925503803
2026-04-15,373.2223815917969,2068.376953125,31.517000198364258,2352.5699749325286,13.739904681211835
2026-04-16,361.53118896484375,2073.34912109375,31.586999893188477,2283.9371254433645,10.156900360250154
2026-04-17,368.6454162597656,2018.656494140625,31.558000564575195,2326.7424508907484,15.261930776453406
2026-04-20,364.4067077636719,2013.6844482421875,31.468000411987305,2293.430086007633,13.89222814973044
2026-04-21,366.2375183105469,2038.544677734375,31.41900062561035,2301.363363384211,12.892466303065328
2026-04-22,385.5006103515625,2038.544677734375,31.48200035095215,2427.2660700760316,19.068573604856137
2026-04-23,380.7445068359375,2068.376953125,31.466800689697266,2396.162302060705,15.847466702840194
2026-04-24,400.4454345703125,2172.790283203125,31.530000686645508,2525.2089653932026,16.21963633188484
2026-04-27,402.95281982421875,2252.34326171875,31.440000534057617,2533.767374094692,12.494725700077748
2026-04-28,390.3760681152344,2202.622802734375,31.455699920654297,2455.910490967543,11.499367386859525
2026-04-29,391.8586120605469,2167.818115234375,31.51300048828125,2469.7281266402456,13.926906933944014
2026-04-30,394.07745361328125,2123.06982421875,31.62649917602539,2492.6580523981247,17.408199389550283
2026-05-04,399.59967041015625,2262.287353515625,31.554000854492188,2521.7936683153735,11.470970493490675
2026-05-05,392.4356994628906,2237.42724609375,31.597999572753906,2480.03661279236,10.843229299284413
2026-05-06,417.400146484375,2237.42724609375,31.545000076293945,2633.3775305389427,17.696677518183847
2026-05-07,412.076904296875,2297.092041015625,31.398500442504883,2587.7193723822948,12.651967190577754
2026-05-08,409.6192626953125,2277.20361328125,31.392099380493164,2571.761720539117,12.935079917312917
2026-05-11,402.5150146484375,2222.510986328125,31.301000595092773,2519.824542608904,13.37737172548151
2026-05-12,395.2913513183594,2242.399169921875,31.3518009185791,2478.6191502738625,10.534252042209657
2026-05-13,397.7987365722656,2207.5947265625,31.501100540161133,2506.2195991024023,13.527160078195077
2026-05-14,415.6290588378906,2257.3154296875,31.55900001525879,2623.3674948413973,16.21625672423517
2026-05-15,402.3259582519531,2252.34326171875,31.56439971923828,2539.8354727380442,12.764138393359751
2026-05-18,393.968017578125,2227.483154296875,31.586999893188477,2488.853545831982,11.733888583216286
2026-05-19,390.64471435546875,2192.6787109375,31.554100036621094,2465.288479109947,12.432727458547268
2026-05-20,399.609619140625,2172.790283203125,31.72920036315918,2535.858734551724,16.709778856952724
2026-05-21,405.1119384765625,2217.538818359375,31.59119987487793,2559.5944440224675,15.425011856890928
2026-05-22,402.4950866699219,2242.399169921875,31.550800323486328,2539.8084221414056,13.262993324685018
2026-05-26,410.2560729980469,2257.3154296875,31.448400497436523,2580.3794580296267,14.311869049991444
2026-05-27,420.61395263671875,2287.14794921875,31.445899963378906,2645.3168555631305,15.660067223317354
2026-05-28,422.7332763671875,2282.17578125,31.465900421142578,2660.336635774653,16.57018962481171
2026-05-29,416.35540771484375,2341.84033203125,31.423999786376953,2616.7104486176277,11.737355140175703
2026-06-01,433.44940185546875,2341.84033203125,31.412900924682617,2723.1806232697563,16.28378698678154
2026-06-02,444.45404052734375,2366.70068359375,31.33049964904785,2784.9934321519686,17.674087452539883
2026-06-03,434.50408935546875,2411.44921875,31.478200912475586,2735.481404404738,13.437238617145894
2026-06-04,442.6929016113281,2371.672607421875,31.50550079345703,2789.452312594699,17.615403739345417
2026-06-05,413.091796875,2351.784423828125,31.503000259399414,2602.726196821779,10.670271069538877
2026-06-08,424.66357421875,2282.17578125,31.58810043334961,2682.8631265614185,17.557251663233096
2026-06-09,425.7779846191406,2292.119873046875,31.582000732421875,2689.3841244181617,17.331739759457268
2026-06-10,406.70391845703125,2242.399169921875,31.5408992767334,2565.561465501203,14.411452693794349
2026-06-11,419.94342041015625,2243.396240234375,31.649799346923828,2658.2249986084644,18.491105179473372
2026-06-12,422.7957458496094,2303.22021484375,31.57900047302246,2670.29341163534,15.937390373090837
2026-06-15,440.2190246582031,2368.029296875,31.613000869750977,2783.32888188014,17.537772254473186
2026-06-16,424.690673828125,2392.9560546875,31.518600463867188,2677.1311338238415,11.875482568084704
2026-06-17,430.9937744140625,2378.0,31.563899993896484,2720.7688787194897,14.414166472644649
2026-06-18,460.8835754394531,2402.9267578125,31.638399124145508,2916.323701903329,21.365484504330006
2026-06-22,466.4187316894531,2502.633056640625,31.70199966430664,2957.2812950890743,18.166795856949964
2026-06-23,435.2224426269531,2482.69189453125,31.687000274658203,2758.1787318115353,11.096295834658902
2026-06-24,439.6505432128906,2382.9853515625,31.70210075378418,2787.5691634782006,16.97802345492468
2026-06-25,433.826171875,2382.9853515625,31.808000564575195,2759.8286239854992,15.813914767705425
2026-06-26,431.1932373046875,2333.132080078125,31.860000610351562,2747.563360741362,17.7628726724018
2026-06-29,453.88238525390625,2363.044189453125,31.847000122070312,2890.9584757173434,22.340432253465078
2026-06-30,476.2922668457031,2402.9267578125,31.86590003967285,3035.4963529948727,26.32496363552218
2026-07-01,443.0414733886719,2497.64794921875,31.834400177001953,2820.7919117727083,12.937930770228684
2026-07-02,432.9983825683594,2457.76513671875,31.894800186157227,2762.0793785894175,12.381746218312118
2026-07-06,450.58123779296875,2452.780029296875,31.92799949645996,2877.231506673643,17.304914109988207
2026-07-07,431.41265869140625,2432.838623046875,32.054901123046875,2765.7780235167593,13.685223397716065
2026-07-08,435.81085205078125,2457.76513671875,32.13589859008789,2801.0346691927407,13.966734548618188
2026-07-09,435.7908935546875,2407.912109375,32.10919952392578,2798.5793503714726,16.22431481097018
2026-07-10,432.9485168457031,2407.912109375,32.097198486328125,2779.2868959115817,15.423103903612834
2026-07-13,420.4520263671875,2432.838623046875,32.099098205566406,2699.2261770179493,10.949659851973736
2026-07-14,419.2652587890625,2412.897216796875,32.1619987487793,2696.8817457160912,11.769441604984989
2026-07-15,418.357666015625,2432.838623046875,32.1338996887207,2688.6926547506823,10.51668734950356
2026-07-16,408.6437072753906,2462.75048828125,32.210899353027344,2632.5562652591148,6.894964706569684
2026-07-17,397.30413818359375,2283.27880859375,32.26430130004883,2563.7480844223405,12.28361927474503
2026-07-20,401.2236328125,2313.19091796875,32.3129997253418,2592.94782737419,12.093982698630825
2026-07-21,423.47393798828125,2402.9267578125,32.275901794433594,2733.6006470023653,13.761297056381933
2026-07-22,420.0830383300781,2392.9560546875,32.325401306152344,2715.8705591855105,13.494376708902012
2026-07-23,414.46807861328125,2397.94140625,32.37910079956055,2684.0207391239237,11.930205305612802
2026-07-24,402.3306579589844,2343.102783203125,32.29899978637695,2598.975567094027,10.920254362086188
2026-07-27,398.022216796875,2343.102783203125,32.32229995727539,2572.998696193658,9.811601720529522
2026-07-28,391.2603454589844,2273.30810546875,32.301998138427734,2527.698190131341,11.190303859411815
2026-07-29,373.6675720214844,2193.54296875,32.363800048828125,2418.66051712688,10.262737114521373
2026-07-30,402.2309265136719,2198.5283203125,32.348899841308594,2602.3455909735058,18.367617416163505
2026-07-31,403.1684265136719,2417.882568359375,32.39500045776367,2612.128272293252,8.033711251149803
2026-08-03,405.0234375,2363.044189453125,32.29309844970703,2615.8923483252524,10.700102858873901
2026-08-04,416.0538635253906,2313.19091796875,32.395999908447266,2695.696184935537,16.535827803727983
2026-08-05,412.892333984375,2397.94140625,32.39509963989258,2675.137659994327,11.559759259414843
2026-08-06,417.08111572265625,2358.058837890625,32.264801025390625,2691.407842047885,14.136585516901418
2026-08-07,418.9161682128906,2363.044189453125,32.2067985534668,2698.389728084556,14.191251273597183
2026-08-10,417.3503723144531,2373.0146484375,32.23509979248047,2690.6661799970548,13.385991180826082
2026-08-11,420.9307556152344,2387.970703125,32.22710037231445,2713.0755422012644,13.614272513930695
2026-08-12,428.0018005371094,2407.912109375,32.20909881591797,2757.1104573781136,14.502121844212654
2026-08-13,429.33819580078125,2427.853271484375,32.202301025390625,2765.135564574972,13.892202508777823
2026-08-14,425.20928955078125,2387.970703125,32.12409973144531,2731.893124853261,14.402288155302296
2026-08-17,429.8169250488281,2392.9560546875,31.99020004272461,2749.9858828121564,14.9200327948054
2026-08-18,412.3039245605469,2373.0146484375,31.850299835205078,2626.4007240970386,10.677813380814124
2026-08-19,410.9874267578125,2343.102783203125,31.881900787353516,2620.6120729484596,11.843666941744962
2026-08-20,414.886962890625,2368.029296875,31.815099716186523,2639.9340190622024,11.482320871030817
2026-08-21,417.8291015625,2402.9267578125,31.838300704956055,2660.5937157656995,10.723046681113416
2026-08-24,409.022705078125,2368.029296875,31.82200050354004,2603.1841453910806,9.930402838613766
2026-08-25,416.293212890625,2392.9560546875,31.812000274658203,2648.6239605629817,10.684187257624743
2026-08-26,416.57244873046875,2407.912109375,31.841899871826172,2652.8916403674057,10.173939905804652
2026-08-27,426.15673828125,2402.9267578125,31.80590057373047,2710.8597693197426,12.814914583063231
2026-08-28,416.40289306640625,2412.897216796875,31.660900115966797,2636.7380810750183,9.276850365607052
2026-08-31,414.20880126953125,2397.94140625,31.625999450683594,2619.9534642837007,9.258443824150495
2026-09-01,412.892333984375,2432.838623046875,31.687999725341797,2616.746433178522,7.55939207761021
2026-09-02,414.3883056640625,2378.0,31.674999237060547,2625.149853151199,10.39318137725815
2026-09-03,415.894287109375,2382.9853515625,31.726200103759766,2638.949074968509,10.741304945000032
2026-09-04,427.762451171875,2402.9267578125,31.69540023803711,2711.620419339277,12.846569730980715
2026-09-08,437.825439453125,2462.75048828125,31.504899978637695,2758.7293356147593,12.018223069770762
2026-09-09,434.1951599121094,2457.76513671875,31.49920082092285,2735.3601075088486,11.294609344190755
2026-09-10,426.8847961425781,2442.809326171875,31.464000701904297,2686.3007050924703,9.967678455779046
2026-09-11,432.0808410644531,2402.9267578125,31.635000228881836,2733.775501193886,13.768573773866239
2026-09-14,416.8916015625,2373.0146484375,31.67620086669922,2641.108422146737,11.297602983014128
2026-09-15,412.64300537109375,2378.0,31.717599868774414,2617.609146601777,10.076078494607946
2026-09-16,417.7200012207031,2380.0,31.773399353027344,2654.4768833064936,11.532642155735026
2026-09-17,430.260009765625,2425.0,31.859600067138672,2741.5823672031984,13.054942977451478
2026-09-18,434.6700134277344,2460.0,31.85110092163086,2768.9436930586817,12.558686709702508
2026-09-21,445.1400146484375,2480.0,31.809099197387695,2831.900576535752,14.189539376441612
2026-09-22,452.0,2460.0,31.738399505615234,2869.1513153076176,16.632167288927544
2026-09-23,446.57000732421875,2500.0,31.679500579833984,2829.4229611928113,13.176918447712453
2026-09-24,451.1499938964844,2475.0,31.789499282836914,2868.366481484834,15.89359521150844
2026-09-29,456.94000244140625,2475.0,31.78219985961914,2904.5116962895263,17.35400793088995
